-- =============================================================================
-- OPS-NEXT 初期データ投入スクリプト（本番試行用）
-- 対象: Microsoft SQL Server
-- 
-- seed-data.sql とは独立して実行可能
-- 前提: マスタデータ (business_units, work_types) が存在すること
-- =============================================================================

-- =============================================================================
-- 0. 既存データ削除（子テーブルから順に削除）
-- =============================================================================

-- チャートビュー関連（子テーブル）
DELETE FROM chart_view_capacity_items;
DELETE FROM chart_view_indirect_work_items;

-- 月次データ
DELETE FROM monthly_headcount_plan;
DELETE FROM monthly_capacity;
DELETE FROM monthly_indirect_work_load;

-- 間接作業比率
DELETE FROM indirect_work_type_ratios;

-- ケース・シナリオ
DELETE FROM headcount_plan_cases;
DELETE FROM indirect_work_cases;
DELETE FROM capacity_scenarios;

-- IDENTITY列のリセット
DBCC CHECKIDENT ('chart_view_capacity_items', RESEED, 0);
DBCC CHECKIDENT ('chart_view_indirect_work_items', RESEED, 0);
DBCC CHECKIDENT ('monthly_headcount_plan', RESEED, 0);
DBCC CHECKIDENT ('monthly_capacity', RESEED, 0);
DBCC CHECKIDENT ('monthly_indirect_work_load', RESEED, 0);
DBCC CHECKIDENT ('indirect_work_type_ratios', RESEED, 0);
DBCC CHECKIDENT ('headcount_plan_cases', RESEED, 0);
DBCC CHECKIDENT ('indirect_work_cases', RESEED, 0);
DBCC CHECKIDENT ('capacity_scenarios', RESEED, 0);

GO

-- =============================================================================
-- 1. キャパシティシナリオ
-- =============================================================================
SET IDENTITY_INSERT capacity_scenarios ON;

INSERT INTO capacity_scenarios (capacity_scenario_id, scenario_name, is_primary, description, hours_per_person) VALUES
(1, N'標準シナリオ', 1, N'基準月160時間 × 稼働率80%のシナリオ', 128.00),
(2, N'悲観シナリオ', 0, N'残業なし・稼働率低下を想定したシナリオ', 110.00),
(3, N'楽観シナリオ', 0, N'残業込みの最大稼働シナリオ', 162.00);

SET IDENTITY_INSERT capacity_scenarios OFF;

GO

-- =============================================================================
-- 2. 人員計画ケース
-- =============================================================================
SET IDENTITY_INSERT headcount_plan_cases ON;

INSERT INTO headcount_plan_cases (headcount_plan_case_id, case_name, is_primary, description, business_unit_code) VALUES
(1, N'標準人員計画', 1, N'本番試行用の標準人員計画（2024〜2032年度）', NULL);

SET IDENTITY_INSERT headcount_plan_cases OFF;

GO

-- =============================================================================
-- 3. 月次人員計画
-- headcount_plan_case_id = 1 (標準人員計画)
-- 各年度4月の人数から翌年度4月の人数に向けて線形補間
-- =============================================================================

-- CO2
-- 2024年度 (225人 → 264人)
INSERT INTO monthly_headcount_plan (headcount_plan_case_id, business_unit_code, year_month, headcount) VALUES
(1, 'CO2', '202404', 225),
(1, 'CO2', '202405', 228),
(1, 'CO2', '202406', 232),
(1, 'CO2', '202407', 235),
(1, 'CO2', '202408', 238),
(1, 'CO2', '202409', 241),
(1, 'CO2', '202410', 245),
(1, 'CO2', '202411', 248),
(1, 'CO2', '202412', 251),
(1, 'CO2', '202501', 254),
(1, 'CO2', '202502', 258),
(1, 'CO2', '202503', 261);

-- 2025年度 (264人 → 312人)
INSERT INTO monthly_headcount_plan (headcount_plan_case_id, business_unit_code, year_month, headcount) VALUES
(1, 'CO2', '202504', 264),
(1, 'CO2', '202505', 268),
(1, 'CO2', '202506', 272),
(1, 'CO2', '202507', 276),
(1, 'CO2', '202508', 280),
(1, 'CO2', '202509', 284),
(1, 'CO2', '202510', 288),
(1, 'CO2', '202511', 292),
(1, 'CO2', '202512', 296),
(1, 'CO2', '202601', 300),
(1, 'CO2', '202602', 304),
(1, 'CO2', '202603', 308);

-- 2026年度 (312人 → 333人)
INSERT INTO monthly_headcount_plan (headcount_plan_case_id, business_unit_code, year_month, headcount) VALUES
(1, 'CO2', '202604', 312),
(1, 'CO2', '202605', 314),
(1, 'CO2', '202606', 316),
(1, 'CO2', '202607', 317),
(1, 'CO2', '202608', 319),
(1, 'CO2', '202609', 321),
(1, 'CO2', '202610', 323),
(1, 'CO2', '202611', 324),
(1, 'CO2', '202612', 326),
(1, 'CO2', '202701', 328),
(1, 'CO2', '202702', 330),
(1, 'CO2', '202703', 331);

-- 2027年度 (333人 → 350人)
INSERT INTO monthly_headcount_plan (headcount_plan_case_id, business_unit_code, year_month, headcount) VALUES
(1, 'CO2', '202704', 333),
(1, 'CO2', '202705', 334),
(1, 'CO2', '202706', 336),
(1, 'CO2', '202707', 337),
(1, 'CO2', '202708', 339),
(1, 'CO2', '202709', 340),
(1, 'CO2', '202710', 342),
(1, 'CO2', '202711', 343),
(1, 'CO2', '202712', 344),
(1, 'CO2', '202801', 346),
(1, 'CO2', '202802', 347),
(1, 'CO2', '202803', 349);

-- 2028年度 (350人 → 375人)
INSERT INTO monthly_headcount_plan (headcount_plan_case_id, business_unit_code, year_month, headcount) VALUES
(1, 'CO2', '202804', 350),
(1, 'CO2', '202805', 352),
(1, 'CO2', '202806', 354),
(1, 'CO2', '202807', 356),
(1, 'CO2', '202808', 358),
(1, 'CO2', '202809', 360),
(1, 'CO2', '202810', 363),
(1, 'CO2', '202811', 365),
(1, 'CO2', '202812', 367),
(1, 'CO2', '202901', 369),
(1, 'CO2', '202902', 371),
(1, 'CO2', '202903', 373);

-- 2029年度 (375人 → 400人)
INSERT INTO monthly_headcount_plan (headcount_plan_case_id, business_unit_code, year_month, headcount) VALUES
(1, 'CO2', '202904', 375),
(1, 'CO2', '202905', 377),
(1, 'CO2', '202906', 379),
(1, 'CO2', '202907', 381),
(1, 'CO2', '202908', 383),
(1, 'CO2', '202909', 385),
(1, 'CO2', '202910', 388),
(1, 'CO2', '202911', 390),
(1, 'CO2', '202912', 392),
(1, 'CO2', '203001', 394),
(1, 'CO2', '203002', 396),
(1, 'CO2', '203003', 398);

-- 2030年度 (400人 → 425人)
INSERT INTO monthly_headcount_plan (headcount_plan_case_id, business_unit_code, year_month, headcount) VALUES
(1, 'CO2', '203004', 400),
(1, 'CO2', '203005', 402),
(1, 'CO2', '203006', 404),
(1, 'CO2', '203007', 406),
(1, 'CO2', '203008', 408),
(1, 'CO2', '203009', 410),
(1, 'CO2', '203010', 413),
(1, 'CO2', '203011', 415),
(1, 'CO2', '203012', 417),
(1, 'CO2', '203101', 419),
(1, 'CO2', '203102', 421),
(1, 'CO2', '203103', 423);

-- 2031年度 (425人 → 450人)
INSERT INTO monthly_headcount_plan (headcount_plan_case_id, business_unit_code, year_month, headcount) VALUES
(1, 'CO2', '203104', 425),
(1, 'CO2', '203105', 427),
(1, 'CO2', '203106', 429),
(1, 'CO2', '203107', 431),
(1, 'CO2', '203108', 433),
(1, 'CO2', '203109', 435),
(1, 'CO2', '203110', 438),
(1, 'CO2', '203111', 440),
(1, 'CO2', '203112', 442),
(1, 'CO2', '203201', 444),
(1, 'CO2', '203202', 446),
(1, 'CO2', '203203', 448);

-- 2032年度 (450人、最終年度)
INSERT INTO monthly_headcount_plan (headcount_plan_case_id, business_unit_code, year_month, headcount) VALUES
(1, 'CO2', '203204', 450),
(1, 'CO2', '203205', 450),
(1, 'CO2', '203206', 450),
(1, 'CO2', '203207', 450),
(1, 'CO2', '203208', 450),
(1, 'CO2', '203209', 450),
(1, 'CO2', '203210', 450),
(1, 'CO2', '203211', 450),
(1, 'CO2', '203212', 450),
(1, 'CO2', '203301', 450),
(1, 'CO2', '203302', 450),
(1, 'CO2', '203303', 450);

-- PLANT
-- 2024年度 (140人 → 150人)
INSERT INTO monthly_headcount_plan (headcount_plan_case_id, business_unit_code, year_month, headcount) VALUES
(1, 'PLANT', '202404', 140),
(1, 'PLANT', '202405', 141),
(1, 'PLANT', '202406', 142),
(1, 'PLANT', '202407', 143),
(1, 'PLANT', '202408', 143),
(1, 'PLANT', '202409', 144),
(1, 'PLANT', '202410', 145),
(1, 'PLANT', '202411', 146),
(1, 'PLANT', '202412', 147),
(1, 'PLANT', '202501', 148),
(1, 'PLANT', '202502', 148),
(1, 'PLANT', '202503', 149);

-- 2025年度 (150人 → 160人)
INSERT INTO monthly_headcount_plan (headcount_plan_case_id, business_unit_code, year_month, headcount) VALUES
(1, 'PLANT', '202504', 150),
(1, 'PLANT', '202505', 151),
(1, 'PLANT', '202506', 152),
(1, 'PLANT', '202507', 153),
(1, 'PLANT', '202508', 153),
(1, 'PLANT', '202509', 154),
(1, 'PLANT', '202510', 155),
(1, 'PLANT', '202511', 156),
(1, 'PLANT', '202512', 157),
(1, 'PLANT', '202601', 158),
(1, 'PLANT', '202602', 158),
(1, 'PLANT', '202603', 159);

-- 2026年度 (160人 → 170人)
INSERT INTO monthly_headcount_plan (headcount_plan_case_id, business_unit_code, year_month, headcount) VALUES
(1, 'PLANT', '202604', 160),
(1, 'PLANT', '202605', 161),
(1, 'PLANT', '202606', 162),
(1, 'PLANT', '202607', 163),
(1, 'PLANT', '202608', 163),
(1, 'PLANT', '202609', 164),
(1, 'PLANT', '202610', 165),
(1, 'PLANT', '202611', 166),
(1, 'PLANT', '202612', 167),
(1, 'PLANT', '202701', 168),
(1, 'PLANT', '202702', 168),
(1, 'PLANT', '202703', 169);

-- 2027年度 (170人 → 175人)
INSERT INTO monthly_headcount_plan (headcount_plan_case_id, business_unit_code, year_month, headcount) VALUES
(1, 'PLANT', '202704', 170),
(1, 'PLANT', '202705', 170),
(1, 'PLANT', '202706', 171),
(1, 'PLANT', '202707', 171),
(1, 'PLANT', '202708', 172),
(1, 'PLANT', '202709', 172),
(1, 'PLANT', '202710', 173),
(1, 'PLANT', '202711', 173),
(1, 'PLANT', '202712', 173),
(1, 'PLANT', '202801', 174),
(1, 'PLANT', '202802', 174),
(1, 'PLANT', '202803', 175);

-- 2028年度 (175人 → 177人)
INSERT INTO monthly_headcount_plan (headcount_plan_case_id, business_unit_code, year_month, headcount) VALUES
(1, 'PLANT', '202804', 175),
(1, 'PLANT', '202805', 175),
(1, 'PLANT', '202806', 175),
(1, 'PLANT', '202807', 176),
(1, 'PLANT', '202808', 176),
(1, 'PLANT', '202809', 176),
(1, 'PLANT', '202810', 176),
(1, 'PLANT', '202811', 176),
(1, 'PLANT', '202812', 176),
(1, 'PLANT', '202901', 177),
(1, 'PLANT', '202902', 177),
(1, 'PLANT', '202903', 177);

-- 2029年度 (177人 → 180人)
INSERT INTO monthly_headcount_plan (headcount_plan_case_id, business_unit_code, year_month, headcount) VALUES
(1, 'PLANT', '202904', 177),
(1, 'PLANT', '202905', 177),
(1, 'PLANT', '202906', 178),
(1, 'PLANT', '202907', 178),
(1, 'PLANT', '202908', 178),
(1, 'PLANT', '202909', 178),
(1, 'PLANT', '202910', 179),
(1, 'PLANT', '202911', 179),
(1, 'PLANT', '202912', 179),
(1, 'PLANT', '203001', 179),
(1, 'PLANT', '203002', 180),
(1, 'PLANT', '203003', 180);

-- 2030年度 (180人 → 182人)
INSERT INTO monthly_headcount_plan (headcount_plan_case_id, business_unit_code, year_month, headcount) VALUES
(1, 'PLANT', '203004', 180),
(1, 'PLANT', '203005', 180),
(1, 'PLANT', '203006', 180),
(1, 'PLANT', '203007', 181),
(1, 'PLANT', '203008', 181),
(1, 'PLANT', '203009', 181),
(1, 'PLANT', '203010', 181),
(1, 'PLANT', '203011', 181),
(1, 'PLANT', '203012', 181),
(1, 'PLANT', '203101', 182),
(1, 'PLANT', '203102', 182),
(1, 'PLANT', '203103', 182);

-- 2031年度 (182人 → 185人)
INSERT INTO monthly_headcount_plan (headcount_plan_case_id, business_unit_code, year_month, headcount) VALUES
(1, 'PLANT', '203104', 182),
(1, 'PLANT', '203105', 182),
(1, 'PLANT', '203106', 183),
(1, 'PLANT', '203107', 183),
(1, 'PLANT', '203108', 183),
(1, 'PLANT', '203109', 183),
(1, 'PLANT', '203110', 184),
(1, 'PLANT', '203111', 184),
(1, 'PLANT', '203112', 184),
(1, 'PLANT', '203201', 184),
(1, 'PLANT', '203202', 185),
(1, 'PLANT', '203203', 185);

-- 2032年度 (185人、最終年度)
INSERT INTO monthly_headcount_plan (headcount_plan_case_id, business_unit_code, year_month, headcount) VALUES
(1, 'PLANT', '203204', 185),
(1, 'PLANT', '203205', 185),
(1, 'PLANT', '203206', 185),
(1, 'PLANT', '203207', 185),
(1, 'PLANT', '203208', 185),
(1, 'PLANT', '203209', 185),
(1, 'PLANT', '203210', 185),
(1, 'PLANT', '203211', 185),
(1, 'PLANT', '203212', 185),
(1, 'PLANT', '203301', 185),
(1, 'PLANT', '203302', 185),
(1, 'PLANT', '203303', 185);

-- TRANS
-- 2024年度 (158人 → 165人)
INSERT INTO monthly_headcount_plan (headcount_plan_case_id, business_unit_code, year_month, headcount) VALUES
(1, 'TRANS', '202404', 158),
(1, 'TRANS', '202405', 159),
(1, 'TRANS', '202406', 159),
(1, 'TRANS', '202407', 160),
(1, 'TRANS', '202408', 160),
(1, 'TRANS', '202409', 161),
(1, 'TRANS', '202410', 162),
(1, 'TRANS', '202411', 162),
(1, 'TRANS', '202412', 163),
(1, 'TRANS', '202501', 163),
(1, 'TRANS', '202502', 164),
(1, 'TRANS', '202503', 164);

-- 2025年度 (165人 → 175人)
INSERT INTO monthly_headcount_plan (headcount_plan_case_id, business_unit_code, year_month, headcount) VALUES
(1, 'TRANS', '202504', 165),
(1, 'TRANS', '202505', 166),
(1, 'TRANS', '202506', 167),
(1, 'TRANS', '202507', 168),
(1, 'TRANS', '202508', 168),
(1, 'TRANS', '202509', 169),
(1, 'TRANS', '202510', 170),
(1, 'TRANS', '202511', 171),
(1, 'TRANS', '202512', 172),
(1, 'TRANS', '202601', 173),
(1, 'TRANS', '202602', 173),
(1, 'TRANS', '202603', 174);

-- 2026年度 (175人 → 180人)
INSERT INTO monthly_headcount_plan (headcount_plan_case_id, business_unit_code, year_month, headcount) VALUES
(1, 'TRANS', '202604', 175),
(1, 'TRANS', '202605', 175),
(1, 'TRANS', '202606', 176),
(1, 'TRANS', '202607', 176),
(1, 'TRANS', '202608', 177),
(1, 'TRANS', '202609', 177),
(1, 'TRANS', '202610', 178),
(1, 'TRANS', '202611', 178),
(1, 'TRANS', '202612', 178),
(1, 'TRANS', '202701', 179),
(1, 'TRANS', '202702', 179),
(1, 'TRANS', '202703', 180);

-- 2027年度 (180人 → 185人)
INSERT INTO monthly_headcount_plan (headcount_plan_case_id, business_unit_code, year_month, headcount) VALUES
(1, 'TRANS', '202704', 180),
(1, 'TRANS', '202705', 180),
(1, 'TRANS', '202706', 181),
(1, 'TRANS', '202707', 181),
(1, 'TRANS', '202708', 182),
(1, 'TRANS', '202709', 182),
(1, 'TRANS', '202710', 183),
(1, 'TRANS', '202711', 183),
(1, 'TRANS', '202712', 183),
(1, 'TRANS', '202801', 184),
(1, 'TRANS', '202802', 184),
(1, 'TRANS', '202803', 185);

-- 2028年度 (185人 → 185人)
INSERT INTO monthly_headcount_plan (headcount_plan_case_id, business_unit_code, year_month, headcount) VALUES
(1, 'TRANS', '202804', 185),
(1, 'TRANS', '202805', 185),
(1, 'TRANS', '202806', 185),
(1, 'TRANS', '202807', 185),
(1, 'TRANS', '202808', 185),
(1, 'TRANS', '202809', 185),
(1, 'TRANS', '202810', 185),
(1, 'TRANS', '202811', 185),
(1, 'TRANS', '202812', 185),
(1, 'TRANS', '202901', 185),
(1, 'TRANS', '202902', 185),
(1, 'TRANS', '202903', 185);

-- 2029年度 (185人 → 185人)
INSERT INTO monthly_headcount_plan (headcount_plan_case_id, business_unit_code, year_month, headcount) VALUES
(1, 'TRANS', '202904', 185),
(1, 'TRANS', '202905', 185),
(1, 'TRANS', '202906', 185),
(1, 'TRANS', '202907', 185),
(1, 'TRANS', '202908', 185),
(1, 'TRANS', '202909', 185),
(1, 'TRANS', '202910', 185),
(1, 'TRANS', '202911', 185),
(1, 'TRANS', '202912', 185),
(1, 'TRANS', '203001', 185),
(1, 'TRANS', '203002', 185),
(1, 'TRANS', '203003', 185);

-- 2030年度 (185人 → 185人)
INSERT INTO monthly_headcount_plan (headcount_plan_case_id, business_unit_code, year_month, headcount) VALUES
(1, 'TRANS', '203004', 185),
(1, 'TRANS', '203005', 185),
(1, 'TRANS', '203006', 185),
(1, 'TRANS', '203007', 185),
(1, 'TRANS', '203008', 185),
(1, 'TRANS', '203009', 185),
(1, 'TRANS', '203010', 185),
(1, 'TRANS', '203011', 185),
(1, 'TRANS', '203012', 185),
(1, 'TRANS', '203101', 185),
(1, 'TRANS', '203102', 185),
(1, 'TRANS', '203103', 185);

-- 2031年度 (185人 → 185人)
INSERT INTO monthly_headcount_plan (headcount_plan_case_id, business_unit_code, year_month, headcount) VALUES
(1, 'TRANS', '203104', 185),
(1, 'TRANS', '203105', 185),
(1, 'TRANS', '203106', 185),
(1, 'TRANS', '203107', 185),
(1, 'TRANS', '203108', 185),
(1, 'TRANS', '203109', 185),
(1, 'TRANS', '203110', 185),
(1, 'TRANS', '203111', 185),
(1, 'TRANS', '203112', 185),
(1, 'TRANS', '203201', 185),
(1, 'TRANS', '203202', 185),
(1, 'TRANS', '203203', 185);

-- 2032年度 (185人、最終年度)
INSERT INTO monthly_headcount_plan (headcount_plan_case_id, business_unit_code, year_month, headcount) VALUES
(1, 'TRANS', '203204', 185),
(1, 'TRANS', '203205', 185),
(1, 'TRANS', '203206', 185),
(1, 'TRANS', '203207', 185),
(1, 'TRANS', '203208', 185),
(1, 'TRANS', '203209', 185),
(1, 'TRANS', '203210', 185),
(1, 'TRANS', '203211', 185),
(1, 'TRANS', '203212', 185),
(1, 'TRANS', '203301', 185),
(1, 'TRANS', '203302', 185),
(1, 'TRANS', '203303', 185);

GO

-- =============================================================================
-- 4. 間接作業ケース（BUごとに作成、全BU同一比率）
-- =============================================================================
SET IDENTITY_INSERT indirect_work_cases ON;

INSERT INTO indirect_work_cases (indirect_work_case_id, case_name, is_primary, description, business_unit_code) VALUES
(1, N'標準間接比率', 1, N'本番試行用の標準間接比率（2024〜2032年度）', 'PLANT'),
(2, N'標準間接比率', 1, N'本番試行用の標準間接比率（2024〜2032年度）', 'TRANS'),
(3, N'標準間接比率', 1, N'本番試行用の標準間接比率（2024〜2032年度）', 'CO2');

SET IDENTITY_INSERT indirect_work_cases OFF;

GO

-- =============================================================================
-- 5. 間接作業種別比率
-- ratio = 全作業に対する各間接作業の比率（個別%、合計100%制約なし）
-- =============================================================================

-- indirect_work_case_id = 1 (PLANT)
INSERT INTO indirect_work_type_ratios (indirect_work_case_id, work_type_code, fiscal_year, ratio) VALUES
(1, 'BUMON', 2024, 0.2000),
(1, 'LABO', 2024, 0.1000),
(1, 'ESTIMATE', 2024, 0.0800),
(1, 'OTHER', 2024, 0.0100),
(1, 'BUMON', 2025, 0.1750),
(1, 'LABO', 2025, 0.0950),
(1, 'ESTIMATE', 2025, 0.0780),
(1, 'OTHER', 2025, 0.0100),
(1, 'BUMON', 2026, 0.1500),
(1, 'LABO', 2026, 0.0900),
(1, 'ESTIMATE', 2026, 0.0760),
(1, 'OTHER', 2026, 0.0100),
(1, 'BUMON', 2027, 0.1500),
(1, 'LABO', 2027, 0.0850),
(1, 'ESTIMATE', 2027, 0.0750),
(1, 'OTHER', 2027, 0.0100),
(1, 'BUMON', 2028, 0.1500),
(1, 'LABO', 2028, 0.0850),
(1, 'ESTIMATE', 2028, 0.0750),
(1, 'OTHER', 2028, 0.0100),
(1, 'BUMON', 2029, 0.1500),
(1, 'LABO', 2029, 0.0850),
(1, 'ESTIMATE', 2029, 0.0750),
(1, 'OTHER', 2029, 0.0100),
(1, 'BUMON', 2030, 0.1500),
(1, 'LABO', 2030, 0.0850),
(1, 'ESTIMATE', 2030, 0.0750),
(1, 'OTHER', 2030, 0.0100),
(1, 'BUMON', 2031, 0.1500),
(1, 'LABO', 2031, 0.0850),
(1, 'ESTIMATE', 2031, 0.0750),
(1, 'OTHER', 2031, 0.0100),
(1, 'BUMON', 2032, 0.1500),
(1, 'LABO', 2032, 0.0850),
(1, 'ESTIMATE', 2032, 0.0750),
(1, 'OTHER', 2032, 0.0100);

-- indirect_work_case_id = 2 (TRANS)
INSERT INTO indirect_work_type_ratios (indirect_work_case_id, work_type_code, fiscal_year, ratio) VALUES
(2, 'BUMON', 2024, 0.2000),
(2, 'LABO', 2024, 0.1000),
(2, 'ESTIMATE', 2024, 0.0800),
(2, 'OTHER', 2024, 0.0100),
(2, 'BUMON', 2025, 0.1750),
(2, 'LABO', 2025, 0.0950),
(2, 'ESTIMATE', 2025, 0.0780),
(2, 'OTHER', 2025, 0.0100),
(2, 'BUMON', 2026, 0.1500),
(2, 'LABO', 2026, 0.0900),
(2, 'ESTIMATE', 2026, 0.0760),
(2, 'OTHER', 2026, 0.0100),
(2, 'BUMON', 2027, 0.1500),
(2, 'LABO', 2027, 0.0850),
(2, 'ESTIMATE', 2027, 0.0750),
(2, 'OTHER', 2027, 0.0100),
(2, 'BUMON', 2028, 0.1500),
(2, 'LABO', 2028, 0.0850),
(2, 'ESTIMATE', 2028, 0.0750),
(2, 'OTHER', 2028, 0.0100),
(2, 'BUMON', 2029, 0.1500),
(2, 'LABO', 2029, 0.0850),
(2, 'ESTIMATE', 2029, 0.0750),
(2, 'OTHER', 2029, 0.0100),
(2, 'BUMON', 2030, 0.1500),
(2, 'LABO', 2030, 0.0850),
(2, 'ESTIMATE', 2030, 0.0750),
(2, 'OTHER', 2030, 0.0100),
(2, 'BUMON', 2031, 0.1500),
(2, 'LABO', 2031, 0.0850),
(2, 'ESTIMATE', 2031, 0.0750),
(2, 'OTHER', 2031, 0.0100),
(2, 'BUMON', 2032, 0.1500),
(2, 'LABO', 2032, 0.0850),
(2, 'ESTIMATE', 2032, 0.0750),
(2, 'OTHER', 2032, 0.0100);

-- indirect_work_case_id = 3 (CO2)
INSERT INTO indirect_work_type_ratios (indirect_work_case_id, work_type_code, fiscal_year, ratio) VALUES
(3, 'BUMON', 2024, 0.2000),
(3, 'LABO', 2024, 0.1000),
(3, 'ESTIMATE', 2024, 0.0800),
(3, 'OTHER', 2024, 0.0100),
(3, 'BUMON', 2025, 0.1750),
(3, 'LABO', 2025, 0.0950),
(3, 'ESTIMATE', 2025, 0.0780),
(3, 'OTHER', 2025, 0.0100),
(3, 'BUMON', 2026, 0.1500),
(3, 'LABO', 2026, 0.0900),
(3, 'ESTIMATE', 2026, 0.0760),
(3, 'OTHER', 2026, 0.0100),
(3, 'BUMON', 2027, 0.1500),
(3, 'LABO', 2027, 0.0850),
(3, 'ESTIMATE', 2027, 0.0750),
(3, 'OTHER', 2027, 0.0100),
(3, 'BUMON', 2028, 0.1500),
(3, 'LABO', 2028, 0.0850),
(3, 'ESTIMATE', 2028, 0.0750),
(3, 'OTHER', 2028, 0.0100),
(3, 'BUMON', 2029, 0.1500),
(3, 'LABO', 2029, 0.0850),
(3, 'ESTIMATE', 2029, 0.0750),
(3, 'OTHER', 2029, 0.0100),
(3, 'BUMON', 2030, 0.1500),
(3, 'LABO', 2030, 0.0850),
(3, 'ESTIMATE', 2030, 0.0750),
(3, 'OTHER', 2030, 0.0100),
(3, 'BUMON', 2031, 0.1500),
(3, 'LABO', 2031, 0.0850),
(3, 'ESTIMATE', 2031, 0.0750),
(3, 'OTHER', 2031, 0.0100),
(3, 'BUMON', 2032, 0.1500),
(3, 'LABO', 2032, 0.0850),
(3, 'ESTIMATE', 2032, 0.0750),
(3, 'OTHER', 2032, 0.0100);

GO

-- =============================================================================
-- 6. 月次キャパシティ
-- capacity = headcount × hours_per_person
-- =============================================================================

-- capacity_scenario_id = 1 (標準シナリオ: 128h/人月)
-- CO2
INSERT INTO monthly_capacity (capacity_scenario_id, business_unit_code, year_month, capacity) VALUES
(1, 'CO2', '202404', 28800.00),
(1, 'CO2', '202405', 29184.00),
(1, 'CO2', '202406', 29696.00),
(1, 'CO2', '202407', 30080.00),
(1, 'CO2', '202408', 30464.00),
(1, 'CO2', '202409', 30848.00),
(1, 'CO2', '202410', 31360.00),
(1, 'CO2', '202411', 31744.00),
(1, 'CO2', '202412', 32128.00),
(1, 'CO2', '202501', 32512.00),
(1, 'CO2', '202502', 33024.00),
(1, 'CO2', '202503', 33408.00),
(1, 'CO2', '202504', 33792.00),
(1, 'CO2', '202505', 34304.00),
(1, 'CO2', '202506', 34816.00),
(1, 'CO2', '202507', 35328.00),
(1, 'CO2', '202508', 35840.00),
(1, 'CO2', '202509', 36352.00),
(1, 'CO2', '202510', 36864.00),
(1, 'CO2', '202511', 37376.00),
(1, 'CO2', '202512', 37888.00),
(1, 'CO2', '202601', 38400.00),
(1, 'CO2', '202602', 38912.00),
(1, 'CO2', '202603', 39424.00),
(1, 'CO2', '202604', 39936.00),
(1, 'CO2', '202605', 40192.00),
(1, 'CO2', '202606', 40448.00),
(1, 'CO2', '202607', 40576.00),
(1, 'CO2', '202608', 40832.00),
(1, 'CO2', '202609', 41088.00),
(1, 'CO2', '202610', 41344.00),
(1, 'CO2', '202611', 41472.00),
(1, 'CO2', '202612', 41728.00),
(1, 'CO2', '202701', 41984.00),
(1, 'CO2', '202702', 42240.00),
(1, 'CO2', '202703', 42368.00),
(1, 'CO2', '202704', 42624.00),
(1, 'CO2', '202705', 42752.00),
(1, 'CO2', '202706', 43008.00),
(1, 'CO2', '202707', 43136.00),
(1, 'CO2', '202708', 43392.00),
(1, 'CO2', '202709', 43520.00),
(1, 'CO2', '202710', 43776.00),
(1, 'CO2', '202711', 43904.00),
(1, 'CO2', '202712', 44032.00),
(1, 'CO2', '202801', 44288.00),
(1, 'CO2', '202802', 44416.00),
(1, 'CO2', '202803', 44672.00),
(1, 'CO2', '202804', 44800.00),
(1, 'CO2', '202805', 45056.00),
(1, 'CO2', '202806', 45312.00),
(1, 'CO2', '202807', 45568.00),
(1, 'CO2', '202808', 45824.00),
(1, 'CO2', '202809', 46080.00),
(1, 'CO2', '202810', 46464.00),
(1, 'CO2', '202811', 46720.00),
(1, 'CO2', '202812', 46976.00),
(1, 'CO2', '202901', 47232.00),
(1, 'CO2', '202902', 47488.00),
(1, 'CO2', '202903', 47744.00),
(1, 'CO2', '202904', 48000.00),
(1, 'CO2', '202905', 48256.00),
(1, 'CO2', '202906', 48512.00),
(1, 'CO2', '202907', 48768.00),
(1, 'CO2', '202908', 49024.00),
(1, 'CO2', '202909', 49280.00),
(1, 'CO2', '202910', 49664.00),
(1, 'CO2', '202911', 49920.00),
(1, 'CO2', '202912', 50176.00),
(1, 'CO2', '203001', 50432.00),
(1, 'CO2', '203002', 50688.00),
(1, 'CO2', '203003', 50944.00),
(1, 'CO2', '203004', 51200.00),
(1, 'CO2', '203005', 51456.00),
(1, 'CO2', '203006', 51712.00),
(1, 'CO2', '203007', 51968.00),
(1, 'CO2', '203008', 52224.00),
(1, 'CO2', '203009', 52480.00),
(1, 'CO2', '203010', 52864.00),
(1, 'CO2', '203011', 53120.00),
(1, 'CO2', '203012', 53376.00),
(1, 'CO2', '203101', 53632.00),
(1, 'CO2', '203102', 53888.00),
(1, 'CO2', '203103', 54144.00),
(1, 'CO2', '203104', 54400.00),
(1, 'CO2', '203105', 54656.00),
(1, 'CO2', '203106', 54912.00),
(1, 'CO2', '203107', 55168.00),
(1, 'CO2', '203108', 55424.00),
(1, 'CO2', '203109', 55680.00),
(1, 'CO2', '203110', 56064.00),
(1, 'CO2', '203111', 56320.00),
(1, 'CO2', '203112', 56576.00),
(1, 'CO2', '203201', 56832.00),
(1, 'CO2', '203202', 57088.00),
(1, 'CO2', '203203', 57344.00),
(1, 'CO2', '203204', 57600.00),
(1, 'CO2', '203205', 57600.00),
(1, 'CO2', '203206', 57600.00),
(1, 'CO2', '203207', 57600.00),
(1, 'CO2', '203208', 57600.00),
(1, 'CO2', '203209', 57600.00),
(1, 'CO2', '203210', 57600.00),
(1, 'CO2', '203211', 57600.00),
(1, 'CO2', '203212', 57600.00),
(1, 'CO2', '203301', 57600.00),
(1, 'CO2', '203302', 57600.00),
(1, 'CO2', '203303', 57600.00);

-- PLANT
INSERT INTO monthly_capacity (capacity_scenario_id, business_unit_code, year_month, capacity) VALUES
(1, 'PLANT', '202404', 17920.00),
(1, 'PLANT', '202405', 18048.00),
(1, 'PLANT', '202406', 18176.00),
(1, 'PLANT', '202407', 18304.00),
(1, 'PLANT', '202408', 18304.00),
(1, 'PLANT', '202409', 18432.00),
(1, 'PLANT', '202410', 18560.00),
(1, 'PLANT', '202411', 18688.00),
(1, 'PLANT', '202412', 18816.00),
(1, 'PLANT', '202501', 18944.00),
(1, 'PLANT', '202502', 18944.00),
(1, 'PLANT', '202503', 19072.00),
(1, 'PLANT', '202504', 19200.00),
(1, 'PLANT', '202505', 19328.00),
(1, 'PLANT', '202506', 19456.00),
(1, 'PLANT', '202507', 19584.00),
(1, 'PLANT', '202508', 19584.00),
(1, 'PLANT', '202509', 19712.00),
(1, 'PLANT', '202510', 19840.00),
(1, 'PLANT', '202511', 19968.00),
(1, 'PLANT', '202512', 20096.00),
(1, 'PLANT', '202601', 20224.00),
(1, 'PLANT', '202602', 20224.00),
(1, 'PLANT', '202603', 20352.00),
(1, 'PLANT', '202604', 20480.00),
(1, 'PLANT', '202605', 20608.00),
(1, 'PLANT', '202606', 20736.00),
(1, 'PLANT', '202607', 20864.00),
(1, 'PLANT', '202608', 20864.00),
(1, 'PLANT', '202609', 20992.00),
(1, 'PLANT', '202610', 21120.00),
(1, 'PLANT', '202611', 21248.00),
(1, 'PLANT', '202612', 21376.00),
(1, 'PLANT', '202701', 21504.00),
(1, 'PLANT', '202702', 21504.00),
(1, 'PLANT', '202703', 21632.00),
(1, 'PLANT', '202704', 21760.00),
(1, 'PLANT', '202705', 21760.00),
(1, 'PLANT', '202706', 21888.00),
(1, 'PLANT', '202707', 21888.00),
(1, 'PLANT', '202708', 22016.00),
(1, 'PLANT', '202709', 22016.00),
(1, 'PLANT', '202710', 22144.00),
(1, 'PLANT', '202711', 22144.00),
(1, 'PLANT', '202712', 22144.00),
(1, 'PLANT', '202801', 22272.00),
(1, 'PLANT', '202802', 22272.00),
(1, 'PLANT', '202803', 22400.00),
(1, 'PLANT', '202804', 22400.00),
(1, 'PLANT', '202805', 22400.00),
(1, 'PLANT', '202806', 22400.00),
(1, 'PLANT', '202807', 22528.00),
(1, 'PLANT', '202808', 22528.00),
(1, 'PLANT', '202809', 22528.00),
(1, 'PLANT', '202810', 22528.00),
(1, 'PLANT', '202811', 22528.00),
(1, 'PLANT', '202812', 22528.00),
(1, 'PLANT', '202901', 22656.00),
(1, 'PLANT', '202902', 22656.00),
(1, 'PLANT', '202903', 22656.00),
(1, 'PLANT', '202904', 22656.00),
(1, 'PLANT', '202905', 22656.00),
(1, 'PLANT', '202906', 22784.00),
(1, 'PLANT', '202907', 22784.00),
(1, 'PLANT', '202908', 22784.00),
(1, 'PLANT', '202909', 22784.00),
(1, 'PLANT', '202910', 22912.00),
(1, 'PLANT', '202911', 22912.00),
(1, 'PLANT', '202912', 22912.00),
(1, 'PLANT', '203001', 22912.00),
(1, 'PLANT', '203002', 23040.00),
(1, 'PLANT', '203003', 23040.00),
(1, 'PLANT', '203004', 23040.00),
(1, 'PLANT', '203005', 23040.00),
(1, 'PLANT', '203006', 23040.00),
(1, 'PLANT', '203007', 23168.00),
(1, 'PLANT', '203008', 23168.00),
(1, 'PLANT', '203009', 23168.00),
(1, 'PLANT', '203010', 23168.00),
(1, 'PLANT', '203011', 23168.00),
(1, 'PLANT', '203012', 23168.00),
(1, 'PLANT', '203101', 23296.00),
(1, 'PLANT', '203102', 23296.00),
(1, 'PLANT', '203103', 23296.00),
(1, 'PLANT', '203104', 23296.00),
(1, 'PLANT', '203105', 23296.00),
(1, 'PLANT', '203106', 23424.00),
(1, 'PLANT', '203107', 23424.00),
(1, 'PLANT', '203108', 23424.00),
(1, 'PLANT', '203109', 23424.00),
(1, 'PLANT', '203110', 23552.00),
(1, 'PLANT', '203111', 23552.00),
(1, 'PLANT', '203112', 23552.00),
(1, 'PLANT', '203201', 23552.00),
(1, 'PLANT', '203202', 23680.00),
(1, 'PLANT', '203203', 23680.00),
(1, 'PLANT', '203204', 23680.00),
(1, 'PLANT', '203205', 23680.00),
(1, 'PLANT', '203206', 23680.00),
(1, 'PLANT', '203207', 23680.00),
(1, 'PLANT', '203208', 23680.00),
(1, 'PLANT', '203209', 23680.00),
(1, 'PLANT', '203210', 23680.00),
(1, 'PLANT', '203211', 23680.00),
(1, 'PLANT', '203212', 23680.00),
(1, 'PLANT', '203301', 23680.00),
(1, 'PLANT', '203302', 23680.00),
(1, 'PLANT', '203303', 23680.00);

-- TRANS
INSERT INTO monthly_capacity (capacity_scenario_id, business_unit_code, year_month, capacity) VALUES
(1, 'TRANS', '202404', 20224.00),
(1, 'TRANS', '202405', 20352.00),
(1, 'TRANS', '202406', 20352.00),
(1, 'TRANS', '202407', 20480.00),
(1, 'TRANS', '202408', 20480.00),
(1, 'TRANS', '202409', 20608.00),
(1, 'TRANS', '202410', 20736.00),
(1, 'TRANS', '202411', 20736.00),
(1, 'TRANS', '202412', 20864.00),
(1, 'TRANS', '202501', 20864.00),
(1, 'TRANS', '202502', 20992.00),
(1, 'TRANS', '202503', 20992.00),
(1, 'TRANS', '202504', 21120.00),
(1, 'TRANS', '202505', 21248.00),
(1, 'TRANS', '202506', 21376.00),
(1, 'TRANS', '202507', 21504.00),
(1, 'TRANS', '202508', 21504.00),
(1, 'TRANS', '202509', 21632.00),
(1, 'TRANS', '202510', 21760.00),
(1, 'TRANS', '202511', 21888.00),
(1, 'TRANS', '202512', 22016.00),
(1, 'TRANS', '202601', 22144.00),
(1, 'TRANS', '202602', 22144.00),
(1, 'TRANS', '202603', 22272.00),
(1, 'TRANS', '202604', 22400.00),
(1, 'TRANS', '202605', 22400.00),
(1, 'TRANS', '202606', 22528.00),
(1, 'TRANS', '202607', 22528.00),
(1, 'TRANS', '202608', 22656.00),
(1, 'TRANS', '202609', 22656.00),
(1, 'TRANS', '202610', 22784.00),
(1, 'TRANS', '202611', 22784.00),
(1, 'TRANS', '202612', 22784.00),
(1, 'TRANS', '202701', 22912.00),
(1, 'TRANS', '202702', 22912.00),
(1, 'TRANS', '202703', 23040.00),
(1, 'TRANS', '202704', 23040.00),
(1, 'TRANS', '202705', 23040.00),
(1, 'TRANS', '202706', 23168.00),
(1, 'TRANS', '202707', 23168.00),
(1, 'TRANS', '202708', 23296.00),
(1, 'TRANS', '202709', 23296.00),
(1, 'TRANS', '202710', 23424.00),
(1, 'TRANS', '202711', 23424.00),
(1, 'TRANS', '202712', 23424.00),
(1, 'TRANS', '202801', 23552.00),
(1, 'TRANS', '202802', 23552.00),
(1, 'TRANS', '202803', 23680.00),
(1, 'TRANS', '202804', 23680.00),
(1, 'TRANS', '202805', 23680.00),
(1, 'TRANS', '202806', 23680.00),
(1, 'TRANS', '202807', 23680.00),
(1, 'TRANS', '202808', 23680.00),
(1, 'TRANS', '202809', 23680.00),
(1, 'TRANS', '202810', 23680.00),
(1, 'TRANS', '202811', 23680.00),
(1, 'TRANS', '202812', 23680.00),
(1, 'TRANS', '202901', 23680.00),
(1, 'TRANS', '202902', 23680.00),
(1, 'TRANS', '202903', 23680.00),
(1, 'TRANS', '202904', 23680.00),
(1, 'TRANS', '202905', 23680.00),
(1, 'TRANS', '202906', 23680.00),
(1, 'TRANS', '202907', 23680.00),
(1, 'TRANS', '202908', 23680.00),
(1, 'TRANS', '202909', 23680.00),
(1, 'TRANS', '202910', 23680.00),
(1, 'TRANS', '202911', 23680.00),
(1, 'TRANS', '202912', 23680.00),
(1, 'TRANS', '203001', 23680.00),
(1, 'TRANS', '203002', 23680.00),
(1, 'TRANS', '203003', 23680.00),
(1, 'TRANS', '203004', 23680.00),
(1, 'TRANS', '203005', 23680.00),
(1, 'TRANS', '203006', 23680.00),
(1, 'TRANS', '203007', 23680.00),
(1, 'TRANS', '203008', 23680.00),
(1, 'TRANS', '203009', 23680.00),
(1, 'TRANS', '203010', 23680.00),
(1, 'TRANS', '203011', 23680.00),
(1, 'TRANS', '203012', 23680.00),
(1, 'TRANS', '203101', 23680.00),
(1, 'TRANS', '203102', 23680.00),
(1, 'TRANS', '203103', 23680.00),
(1, 'TRANS', '203104', 23680.00),
(1, 'TRANS', '203105', 23680.00),
(1, 'TRANS', '203106', 23680.00),
(1, 'TRANS', '203107', 23680.00),
(1, 'TRANS', '203108', 23680.00),
(1, 'TRANS', '203109', 23680.00),
(1, 'TRANS', '203110', 23680.00),
(1, 'TRANS', '203111', 23680.00),
(1, 'TRANS', '203112', 23680.00),
(1, 'TRANS', '203201', 23680.00),
(1, 'TRANS', '203202', 23680.00),
(1, 'TRANS', '203203', 23680.00),
(1, 'TRANS', '203204', 23680.00),
(1, 'TRANS', '203205', 23680.00),
(1, 'TRANS', '203206', 23680.00),
(1, 'TRANS', '203207', 23680.00),
(1, 'TRANS', '203208', 23680.00),
(1, 'TRANS', '203209', 23680.00),
(1, 'TRANS', '203210', 23680.00),
(1, 'TRANS', '203211', 23680.00),
(1, 'TRANS', '203212', 23680.00),
(1, 'TRANS', '203301', 23680.00),
(1, 'TRANS', '203302', 23680.00),
(1, 'TRANS', '203303', 23680.00);


-- capacity_scenario_id = 2 (悲観シナリオ: 110h/人月)
-- CO2
INSERT INTO monthly_capacity (capacity_scenario_id, business_unit_code, year_month, capacity) VALUES
(2, 'CO2', '202404', 24750.00),
(2, 'CO2', '202405', 25080.00),
(2, 'CO2', '202406', 25520.00),
(2, 'CO2', '202407', 25850.00),
(2, 'CO2', '202408', 26180.00),
(2, 'CO2', '202409', 26510.00),
(2, 'CO2', '202410', 26950.00),
(2, 'CO2', '202411', 27280.00),
(2, 'CO2', '202412', 27610.00),
(2, 'CO2', '202501', 27940.00),
(2, 'CO2', '202502', 28380.00),
(2, 'CO2', '202503', 28710.00),
(2, 'CO2', '202504', 29040.00),
(2, 'CO2', '202505', 29480.00),
(2, 'CO2', '202506', 29920.00),
(2, 'CO2', '202507', 30360.00),
(2, 'CO2', '202508', 30800.00),
(2, 'CO2', '202509', 31240.00),
(2, 'CO2', '202510', 31680.00),
(2, 'CO2', '202511', 32120.00),
(2, 'CO2', '202512', 32560.00),
(2, 'CO2', '202601', 33000.00),
(2, 'CO2', '202602', 33440.00),
(2, 'CO2', '202603', 33880.00),
(2, 'CO2', '202604', 34320.00),
(2, 'CO2', '202605', 34540.00),
(2, 'CO2', '202606', 34760.00),
(2, 'CO2', '202607', 34870.00),
(2, 'CO2', '202608', 35090.00),
(2, 'CO2', '202609', 35310.00),
(2, 'CO2', '202610', 35530.00),
(2, 'CO2', '202611', 35640.00),
(2, 'CO2', '202612', 35860.00),
(2, 'CO2', '202701', 36080.00),
(2, 'CO2', '202702', 36300.00),
(2, 'CO2', '202703', 36410.00),
(2, 'CO2', '202704', 36630.00),
(2, 'CO2', '202705', 36740.00),
(2, 'CO2', '202706', 36960.00),
(2, 'CO2', '202707', 37070.00),
(2, 'CO2', '202708', 37290.00),
(2, 'CO2', '202709', 37400.00),
(2, 'CO2', '202710', 37620.00),
(2, 'CO2', '202711', 37730.00),
(2, 'CO2', '202712', 37840.00),
(2, 'CO2', '202801', 38060.00),
(2, 'CO2', '202802', 38170.00),
(2, 'CO2', '202803', 38390.00),
(2, 'CO2', '202804', 38500.00),
(2, 'CO2', '202805', 38720.00),
(2, 'CO2', '202806', 38940.00),
(2, 'CO2', '202807', 39160.00),
(2, 'CO2', '202808', 39380.00),
(2, 'CO2', '202809', 39600.00),
(2, 'CO2', '202810', 39930.00),
(2, 'CO2', '202811', 40150.00),
(2, 'CO2', '202812', 40370.00),
(2, 'CO2', '202901', 40590.00),
(2, 'CO2', '202902', 40810.00),
(2, 'CO2', '202903', 41030.00),
(2, 'CO2', '202904', 41250.00),
(2, 'CO2', '202905', 41470.00),
(2, 'CO2', '202906', 41690.00),
(2, 'CO2', '202907', 41910.00),
(2, 'CO2', '202908', 42130.00),
(2, 'CO2', '202909', 42350.00),
(2, 'CO2', '202910', 42680.00),
(2, 'CO2', '202911', 42900.00),
(2, 'CO2', '202912', 43120.00),
(2, 'CO2', '203001', 43340.00),
(2, 'CO2', '203002', 43560.00),
(2, 'CO2', '203003', 43780.00),
(2, 'CO2', '203004', 44000.00),
(2, 'CO2', '203005', 44220.00),
(2, 'CO2', '203006', 44440.00),
(2, 'CO2', '203007', 44660.00),
(2, 'CO2', '203008', 44880.00),
(2, 'CO2', '203009', 45100.00),
(2, 'CO2', '203010', 45430.00),
(2, 'CO2', '203011', 45650.00),
(2, 'CO2', '203012', 45870.00),
(2, 'CO2', '203101', 46090.00),
(2, 'CO2', '203102', 46310.00),
(2, 'CO2', '203103', 46530.00),
(2, 'CO2', '203104', 46750.00),
(2, 'CO2', '203105', 46970.00),
(2, 'CO2', '203106', 47190.00),
(2, 'CO2', '203107', 47410.00),
(2, 'CO2', '203108', 47630.00),
(2, 'CO2', '203109', 47850.00),
(2, 'CO2', '203110', 48180.00),
(2, 'CO2', '203111', 48400.00),
(2, 'CO2', '203112', 48620.00),
(2, 'CO2', '203201', 48840.00),
(2, 'CO2', '203202', 49060.00),
(2, 'CO2', '203203', 49280.00),
(2, 'CO2', '203204', 49500.00),
(2, 'CO2', '203205', 49500.00),
(2, 'CO2', '203206', 49500.00),
(2, 'CO2', '203207', 49500.00),
(2, 'CO2', '203208', 49500.00),
(2, 'CO2', '203209', 49500.00),
(2, 'CO2', '203210', 49500.00),
(2, 'CO2', '203211', 49500.00),
(2, 'CO2', '203212', 49500.00),
(2, 'CO2', '203301', 49500.00),
(2, 'CO2', '203302', 49500.00),
(2, 'CO2', '203303', 49500.00);

-- PLANT
INSERT INTO monthly_capacity (capacity_scenario_id, business_unit_code, year_month, capacity) VALUES
(2, 'PLANT', '202404', 15400.00),
(2, 'PLANT', '202405', 15510.00),
(2, 'PLANT', '202406', 15620.00),
(2, 'PLANT', '202407', 15730.00),
(2, 'PLANT', '202408', 15730.00),
(2, 'PLANT', '202409', 15840.00),
(2, 'PLANT', '202410', 15950.00),
(2, 'PLANT', '202411', 16060.00),
(2, 'PLANT', '202412', 16170.00),
(2, 'PLANT', '202501', 16280.00),
(2, 'PLANT', '202502', 16280.00),
(2, 'PLANT', '202503', 16390.00),
(2, 'PLANT', '202504', 16500.00),
(2, 'PLANT', '202505', 16610.00),
(2, 'PLANT', '202506', 16720.00),
(2, 'PLANT', '202507', 16830.00),
(2, 'PLANT', '202508', 16830.00),
(2, 'PLANT', '202509', 16940.00),
(2, 'PLANT', '202510', 17050.00),
(2, 'PLANT', '202511', 17160.00),
(2, 'PLANT', '202512', 17270.00),
(2, 'PLANT', '202601', 17380.00),
(2, 'PLANT', '202602', 17380.00),
(2, 'PLANT', '202603', 17490.00),
(2, 'PLANT', '202604', 17600.00),
(2, 'PLANT', '202605', 17710.00),
(2, 'PLANT', '202606', 17820.00),
(2, 'PLANT', '202607', 17930.00),
(2, 'PLANT', '202608', 17930.00),
(2, 'PLANT', '202609', 18040.00),
(2, 'PLANT', '202610', 18150.00),
(2, 'PLANT', '202611', 18260.00),
(2, 'PLANT', '202612', 18370.00),
(2, 'PLANT', '202701', 18480.00),
(2, 'PLANT', '202702', 18480.00),
(2, 'PLANT', '202703', 18590.00),
(2, 'PLANT', '202704', 18700.00),
(2, 'PLANT', '202705', 18700.00),
(2, 'PLANT', '202706', 18810.00),
(2, 'PLANT', '202707', 18810.00),
(2, 'PLANT', '202708', 18920.00),
(2, 'PLANT', '202709', 18920.00),
(2, 'PLANT', '202710', 19030.00),
(2, 'PLANT', '202711', 19030.00),
(2, 'PLANT', '202712', 19030.00),
(2, 'PLANT', '202801', 19140.00),
(2, 'PLANT', '202802', 19140.00),
(2, 'PLANT', '202803', 19250.00),
(2, 'PLANT', '202804', 19250.00),
(2, 'PLANT', '202805', 19250.00),
(2, 'PLANT', '202806', 19250.00),
(2, 'PLANT', '202807', 19360.00),
(2, 'PLANT', '202808', 19360.00),
(2, 'PLANT', '202809', 19360.00),
(2, 'PLANT', '202810', 19360.00),
(2, 'PLANT', '202811', 19360.00),
(2, 'PLANT', '202812', 19360.00),
(2, 'PLANT', '202901', 19470.00),
(2, 'PLANT', '202902', 19470.00),
(2, 'PLANT', '202903', 19470.00),
(2, 'PLANT', '202904', 19470.00),
(2, 'PLANT', '202905', 19470.00),
(2, 'PLANT', '202906', 19580.00),
(2, 'PLANT', '202907', 19580.00),
(2, 'PLANT', '202908', 19580.00),
(2, 'PLANT', '202909', 19580.00),
(2, 'PLANT', '202910', 19690.00),
(2, 'PLANT', '202911', 19690.00),
(2, 'PLANT', '202912', 19690.00),
(2, 'PLANT', '203001', 19690.00),
(2, 'PLANT', '203002', 19800.00),
(2, 'PLANT', '203003', 19800.00),
(2, 'PLANT', '203004', 19800.00),
(2, 'PLANT', '203005', 19800.00),
(2, 'PLANT', '203006', 19800.00),
(2, 'PLANT', '203007', 19910.00),
(2, 'PLANT', '203008', 19910.00),
(2, 'PLANT', '203009', 19910.00),
(2, 'PLANT', '203010', 19910.00),
(2, 'PLANT', '203011', 19910.00),
(2, 'PLANT', '203012', 19910.00),
(2, 'PLANT', '203101', 20020.00),
(2, 'PLANT', '203102', 20020.00),
(2, 'PLANT', '203103', 20020.00),
(2, 'PLANT', '203104', 20020.00),
(2, 'PLANT', '203105', 20020.00),
(2, 'PLANT', '203106', 20130.00),
(2, 'PLANT', '203107', 20130.00),
(2, 'PLANT', '203108', 20130.00),
(2, 'PLANT', '203109', 20130.00),
(2, 'PLANT', '203110', 20240.00),
(2, 'PLANT', '203111', 20240.00),
(2, 'PLANT', '203112', 20240.00),
(2, 'PLANT', '203201', 20240.00),
(2, 'PLANT', '203202', 20350.00),
(2, 'PLANT', '203203', 20350.00),
(2, 'PLANT', '203204', 20350.00),
(2, 'PLANT', '203205', 20350.00),
(2, 'PLANT', '203206', 20350.00),
(2, 'PLANT', '203207', 20350.00),
(2, 'PLANT', '203208', 20350.00),
(2, 'PLANT', '203209', 20350.00),
(2, 'PLANT', '203210', 20350.00),
(2, 'PLANT', '203211', 20350.00),
(2, 'PLANT', '203212', 20350.00),
(2, 'PLANT', '203301', 20350.00),
(2, 'PLANT', '203302', 20350.00),
(2, 'PLANT', '203303', 20350.00);

-- TRANS
INSERT INTO monthly_capacity (capacity_scenario_id, business_unit_code, year_month, capacity) VALUES
(2, 'TRANS', '202404', 17380.00),
(2, 'TRANS', '202405', 17490.00),
(2, 'TRANS', '202406', 17490.00),
(2, 'TRANS', '202407', 17600.00),
(2, 'TRANS', '202408', 17600.00),
(2, 'TRANS', '202409', 17710.00),
(2, 'TRANS', '202410', 17820.00),
(2, 'TRANS', '202411', 17820.00),
(2, 'TRANS', '202412', 17930.00),
(2, 'TRANS', '202501', 17930.00),
(2, 'TRANS', '202502', 18040.00),
(2, 'TRANS', '202503', 18040.00),
(2, 'TRANS', '202504', 18150.00),
(2, 'TRANS', '202505', 18260.00),
(2, 'TRANS', '202506', 18370.00),
(2, 'TRANS', '202507', 18480.00),
(2, 'TRANS', '202508', 18480.00),
(2, 'TRANS', '202509', 18590.00),
(2, 'TRANS', '202510', 18700.00),
(2, 'TRANS', '202511', 18810.00),
(2, 'TRANS', '202512', 18920.00),
(2, 'TRANS', '202601', 19030.00),
(2, 'TRANS', '202602', 19030.00),
(2, 'TRANS', '202603', 19140.00),
(2, 'TRANS', '202604', 19250.00),
(2, 'TRANS', '202605', 19250.00),
(2, 'TRANS', '202606', 19360.00),
(2, 'TRANS', '202607', 19360.00),
(2, 'TRANS', '202608', 19470.00),
(2, 'TRANS', '202609', 19470.00),
(2, 'TRANS', '202610', 19580.00),
(2, 'TRANS', '202611', 19580.00),
(2, 'TRANS', '202612', 19580.00),
(2, 'TRANS', '202701', 19690.00),
(2, 'TRANS', '202702', 19690.00),
(2, 'TRANS', '202703', 19800.00),
(2, 'TRANS', '202704', 19800.00),
(2, 'TRANS', '202705', 19800.00),
(2, 'TRANS', '202706', 19910.00),
(2, 'TRANS', '202707', 19910.00),
(2, 'TRANS', '202708', 20020.00),
(2, 'TRANS', '202709', 20020.00),
(2, 'TRANS', '202710', 20130.00),
(2, 'TRANS', '202711', 20130.00),
(2, 'TRANS', '202712', 20130.00),
(2, 'TRANS', '202801', 20240.00),
(2, 'TRANS', '202802', 20240.00),
(2, 'TRANS', '202803', 20350.00),
(2, 'TRANS', '202804', 20350.00),
(2, 'TRANS', '202805', 20350.00),
(2, 'TRANS', '202806', 20350.00),
(2, 'TRANS', '202807', 20350.00),
(2, 'TRANS', '202808', 20350.00),
(2, 'TRANS', '202809', 20350.00),
(2, 'TRANS', '202810', 20350.00),
(2, 'TRANS', '202811', 20350.00),
(2, 'TRANS', '202812', 20350.00),
(2, 'TRANS', '202901', 20350.00),
(2, 'TRANS', '202902', 20350.00),
(2, 'TRANS', '202903', 20350.00),
(2, 'TRANS', '202904', 20350.00),
(2, 'TRANS', '202905', 20350.00),
(2, 'TRANS', '202906', 20350.00),
(2, 'TRANS', '202907', 20350.00),
(2, 'TRANS', '202908', 20350.00),
(2, 'TRANS', '202909', 20350.00),
(2, 'TRANS', '202910', 20350.00),
(2, 'TRANS', '202911', 20350.00),
(2, 'TRANS', '202912', 20350.00),
(2, 'TRANS', '203001', 20350.00),
(2, 'TRANS', '203002', 20350.00),
(2, 'TRANS', '203003', 20350.00),
(2, 'TRANS', '203004', 20350.00),
(2, 'TRANS', '203005', 20350.00),
(2, 'TRANS', '203006', 20350.00),
(2, 'TRANS', '203007', 20350.00),
(2, 'TRANS', '203008', 20350.00),
(2, 'TRANS', '203009', 20350.00),
(2, 'TRANS', '203010', 20350.00),
(2, 'TRANS', '203011', 20350.00),
(2, 'TRANS', '203012', 20350.00),
(2, 'TRANS', '203101', 20350.00),
(2, 'TRANS', '203102', 20350.00),
(2, 'TRANS', '203103', 20350.00),
(2, 'TRANS', '203104', 20350.00),
(2, 'TRANS', '203105', 20350.00),
(2, 'TRANS', '203106', 20350.00),
(2, 'TRANS', '203107', 20350.00),
(2, 'TRANS', '203108', 20350.00),
(2, 'TRANS', '203109', 20350.00),
(2, 'TRANS', '203110', 20350.00),
(2, 'TRANS', '203111', 20350.00),
(2, 'TRANS', '203112', 20350.00),
(2, 'TRANS', '203201', 20350.00),
(2, 'TRANS', '203202', 20350.00),
(2, 'TRANS', '203203', 20350.00),
(2, 'TRANS', '203204', 20350.00),
(2, 'TRANS', '203205', 20350.00),
(2, 'TRANS', '203206', 20350.00),
(2, 'TRANS', '203207', 20350.00),
(2, 'TRANS', '203208', 20350.00),
(2, 'TRANS', '203209', 20350.00),
(2, 'TRANS', '203210', 20350.00),
(2, 'TRANS', '203211', 20350.00),
(2, 'TRANS', '203212', 20350.00),
(2, 'TRANS', '203301', 20350.00),
(2, 'TRANS', '203302', 20350.00),
(2, 'TRANS', '203303', 20350.00);


-- capacity_scenario_id = 3 (楽観シナリオ: 162h/人月)
-- CO2
INSERT INTO monthly_capacity (capacity_scenario_id, business_unit_code, year_month, capacity) VALUES
(3, 'CO2', '202404', 36450.00),
(3, 'CO2', '202405', 36936.00),
(3, 'CO2', '202406', 37584.00),
(3, 'CO2', '202407', 38070.00),
(3, 'CO2', '202408', 38556.00),
(3, 'CO2', '202409', 39042.00),
(3, 'CO2', '202410', 39690.00),
(3, 'CO2', '202411', 40176.00),
(3, 'CO2', '202412', 40662.00),
(3, 'CO2', '202501', 41148.00),
(3, 'CO2', '202502', 41796.00),
(3, 'CO2', '202503', 42282.00),
(3, 'CO2', '202504', 42768.00),
(3, 'CO2', '202505', 43416.00),
(3, 'CO2', '202506', 44064.00),
(3, 'CO2', '202507', 44712.00),
(3, 'CO2', '202508', 45360.00),
(3, 'CO2', '202509', 46008.00),
(3, 'CO2', '202510', 46656.00),
(3, 'CO2', '202511', 47304.00),
(3, 'CO2', '202512', 47952.00),
(3, 'CO2', '202601', 48600.00),
(3, 'CO2', '202602', 49248.00),
(3, 'CO2', '202603', 49896.00),
(3, 'CO2', '202604', 50544.00),
(3, 'CO2', '202605', 50868.00),
(3, 'CO2', '202606', 51192.00),
(3, 'CO2', '202607', 51354.00),
(3, 'CO2', '202608', 51678.00),
(3, 'CO2', '202609', 52002.00),
(3, 'CO2', '202610', 52326.00),
(3, 'CO2', '202611', 52488.00),
(3, 'CO2', '202612', 52812.00),
(3, 'CO2', '202701', 53136.00),
(3, 'CO2', '202702', 53460.00),
(3, 'CO2', '202703', 53622.00),
(3, 'CO2', '202704', 53946.00),
(3, 'CO2', '202705', 54108.00),
(3, 'CO2', '202706', 54432.00),
(3, 'CO2', '202707', 54594.00),
(3, 'CO2', '202708', 54918.00),
(3, 'CO2', '202709', 55080.00),
(3, 'CO2', '202710', 55404.00),
(3, 'CO2', '202711', 55566.00),
(3, 'CO2', '202712', 55728.00),
(3, 'CO2', '202801', 56052.00),
(3, 'CO2', '202802', 56214.00),
(3, 'CO2', '202803', 56538.00),
(3, 'CO2', '202804', 56700.00),
(3, 'CO2', '202805', 57024.00),
(3, 'CO2', '202806', 57348.00),
(3, 'CO2', '202807', 57672.00),
(3, 'CO2', '202808', 57996.00),
(3, 'CO2', '202809', 58320.00),
(3, 'CO2', '202810', 58806.00),
(3, 'CO2', '202811', 59130.00),
(3, 'CO2', '202812', 59454.00),
(3, 'CO2', '202901', 59778.00),
(3, 'CO2', '202902', 60102.00),
(3, 'CO2', '202903', 60426.00),
(3, 'CO2', '202904', 60750.00),
(3, 'CO2', '202905', 61074.00),
(3, 'CO2', '202906', 61398.00),
(3, 'CO2', '202907', 61722.00),
(3, 'CO2', '202908', 62046.00),
(3, 'CO2', '202909', 62370.00),
(3, 'CO2', '202910', 62856.00),
(3, 'CO2', '202911', 63180.00),
(3, 'CO2', '202912', 63504.00),
(3, 'CO2', '203001', 63828.00),
(3, 'CO2', '203002', 64152.00),
(3, 'CO2', '203003', 64476.00),
(3, 'CO2', '203004', 64800.00),
(3, 'CO2', '203005', 65124.00),
(3, 'CO2', '203006', 65448.00),
(3, 'CO2', '203007', 65772.00),
(3, 'CO2', '203008', 66096.00),
(3, 'CO2', '203009', 66420.00),
(3, 'CO2', '203010', 66906.00),
(3, 'CO2', '203011', 67230.00),
(3, 'CO2', '203012', 67554.00),
(3, 'CO2', '203101', 67878.00),
(3, 'CO2', '203102', 68202.00),
(3, 'CO2', '203103', 68526.00),
(3, 'CO2', '203104', 68850.00),
(3, 'CO2', '203105', 69174.00),
(3, 'CO2', '203106', 69498.00),
(3, 'CO2', '203107', 69822.00),
(3, 'CO2', '203108', 70146.00),
(3, 'CO2', '203109', 70470.00),
(3, 'CO2', '203110', 70956.00),
(3, 'CO2', '203111', 71280.00),
(3, 'CO2', '203112', 71604.00),
(3, 'CO2', '203201', 71928.00),
(3, 'CO2', '203202', 72252.00),
(3, 'CO2', '203203', 72576.00),
(3, 'CO2', '203204', 72900.00),
(3, 'CO2', '203205', 72900.00),
(3, 'CO2', '203206', 72900.00),
(3, 'CO2', '203207', 72900.00),
(3, 'CO2', '203208', 72900.00),
(3, 'CO2', '203209', 72900.00),
(3, 'CO2', '203210', 72900.00),
(3, 'CO2', '203211', 72900.00),
(3, 'CO2', '203212', 72900.00),
(3, 'CO2', '203301', 72900.00),
(3, 'CO2', '203302', 72900.00),
(3, 'CO2', '203303', 72900.00);

-- PLANT
INSERT INTO monthly_capacity (capacity_scenario_id, business_unit_code, year_month, capacity) VALUES
(3, 'PLANT', '202404', 22680.00),
(3, 'PLANT', '202405', 22842.00),
(3, 'PLANT', '202406', 23004.00),
(3, 'PLANT', '202407', 23166.00),
(3, 'PLANT', '202408', 23166.00),
(3, 'PLANT', '202409', 23328.00),
(3, 'PLANT', '202410', 23490.00),
(3, 'PLANT', '202411', 23652.00),
(3, 'PLANT', '202412', 23814.00),
(3, 'PLANT', '202501', 23976.00),
(3, 'PLANT', '202502', 23976.00),
(3, 'PLANT', '202503', 24138.00),
(3, 'PLANT', '202504', 24300.00),
(3, 'PLANT', '202505', 24462.00),
(3, 'PLANT', '202506', 24624.00),
(3, 'PLANT', '202507', 24786.00),
(3, 'PLANT', '202508', 24786.00),
(3, 'PLANT', '202509', 24948.00),
(3, 'PLANT', '202510', 25110.00),
(3, 'PLANT', '202511', 25272.00),
(3, 'PLANT', '202512', 25434.00),
(3, 'PLANT', '202601', 25596.00),
(3, 'PLANT', '202602', 25596.00),
(3, 'PLANT', '202603', 25758.00),
(3, 'PLANT', '202604', 25920.00),
(3, 'PLANT', '202605', 26082.00),
(3, 'PLANT', '202606', 26244.00),
(3, 'PLANT', '202607', 26406.00),
(3, 'PLANT', '202608', 26406.00),
(3, 'PLANT', '202609', 26568.00),
(3, 'PLANT', '202610', 26730.00),
(3, 'PLANT', '202611', 26892.00),
(3, 'PLANT', '202612', 27054.00),
(3, 'PLANT', '202701', 27216.00),
(3, 'PLANT', '202702', 27216.00),
(3, 'PLANT', '202703', 27378.00),
(3, 'PLANT', '202704', 27540.00),
(3, 'PLANT', '202705', 27540.00),
(3, 'PLANT', '202706', 27702.00),
(3, 'PLANT', '202707', 27702.00),
(3, 'PLANT', '202708', 27864.00),
(3, 'PLANT', '202709', 27864.00),
(3, 'PLANT', '202710', 28026.00),
(3, 'PLANT', '202711', 28026.00),
(3, 'PLANT', '202712', 28026.00),
(3, 'PLANT', '202801', 28188.00),
(3, 'PLANT', '202802', 28188.00),
(3, 'PLANT', '202803', 28350.00),
(3, 'PLANT', '202804', 28350.00),
(3, 'PLANT', '202805', 28350.00),
(3, 'PLANT', '202806', 28350.00),
(3, 'PLANT', '202807', 28512.00),
(3, 'PLANT', '202808', 28512.00),
(3, 'PLANT', '202809', 28512.00),
(3, 'PLANT', '202810', 28512.00),
(3, 'PLANT', '202811', 28512.00),
(3, 'PLANT', '202812', 28512.00),
(3, 'PLANT', '202901', 28674.00),
(3, 'PLANT', '202902', 28674.00),
(3, 'PLANT', '202903', 28674.00),
(3, 'PLANT', '202904', 28674.00),
(3, 'PLANT', '202905', 28674.00),
(3, 'PLANT', '202906', 28836.00),
(3, 'PLANT', '202907', 28836.00),
(3, 'PLANT', '202908', 28836.00),
(3, 'PLANT', '202909', 28836.00),
(3, 'PLANT', '202910', 28998.00),
(3, 'PLANT', '202911', 28998.00),
(3, 'PLANT', '202912', 28998.00),
(3, 'PLANT', '203001', 28998.00),
(3, 'PLANT', '203002', 29160.00),
(3, 'PLANT', '203003', 29160.00),
(3, 'PLANT', '203004', 29160.00),
(3, 'PLANT', '203005', 29160.00),
(3, 'PLANT', '203006', 29160.00),
(3, 'PLANT', '203007', 29322.00),
(3, 'PLANT', '203008', 29322.00),
(3, 'PLANT', '203009', 29322.00),
(3, 'PLANT', '203010', 29322.00),
(3, 'PLANT', '203011', 29322.00),
(3, 'PLANT', '203012', 29322.00),
(3, 'PLANT', '203101', 29484.00),
(3, 'PLANT', '203102', 29484.00),
(3, 'PLANT', '203103', 29484.00),
(3, 'PLANT', '203104', 29484.00),
(3, 'PLANT', '203105', 29484.00),
(3, 'PLANT', '203106', 29646.00),
(3, 'PLANT', '203107', 29646.00),
(3, 'PLANT', '203108', 29646.00),
(3, 'PLANT', '203109', 29646.00),
(3, 'PLANT', '203110', 29808.00),
(3, 'PLANT', '203111', 29808.00),
(3, 'PLANT', '203112', 29808.00),
(3, 'PLANT', '203201', 29808.00),
(3, 'PLANT', '203202', 29970.00),
(3, 'PLANT', '203203', 29970.00),
(3, 'PLANT', '203204', 29970.00),
(3, 'PLANT', '203205', 29970.00),
(3, 'PLANT', '203206', 29970.00),
(3, 'PLANT', '203207', 29970.00),
(3, 'PLANT', '203208', 29970.00),
(3, 'PLANT', '203209', 29970.00),
(3, 'PLANT', '203210', 29970.00),
(3, 'PLANT', '203211', 29970.00),
(3, 'PLANT', '203212', 29970.00),
(3, 'PLANT', '203301', 29970.00),
(3, 'PLANT', '203302', 29970.00),
(3, 'PLANT', '203303', 29970.00);

-- TRANS
INSERT INTO monthly_capacity (capacity_scenario_id, business_unit_code, year_month, capacity) VALUES
(3, 'TRANS', '202404', 25596.00),
(3, 'TRANS', '202405', 25758.00),
(3, 'TRANS', '202406', 25758.00),
(3, 'TRANS', '202407', 25920.00),
(3, 'TRANS', '202408', 25920.00),
(3, 'TRANS', '202409', 26082.00),
(3, 'TRANS', '202410', 26244.00),
(3, 'TRANS', '202411', 26244.00),
(3, 'TRANS', '202412', 26406.00),
(3, 'TRANS', '202501', 26406.00),
(3, 'TRANS', '202502', 26568.00),
(3, 'TRANS', '202503', 26568.00),
(3, 'TRANS', '202504', 26730.00),
(3, 'TRANS', '202505', 26892.00),
(3, 'TRANS', '202506', 27054.00),
(3, 'TRANS', '202507', 27216.00),
(3, 'TRANS', '202508', 27216.00),
(3, 'TRANS', '202509', 27378.00),
(3, 'TRANS', '202510', 27540.00),
(3, 'TRANS', '202511', 27702.00),
(3, 'TRANS', '202512', 27864.00),
(3, 'TRANS', '202601', 28026.00),
(3, 'TRANS', '202602', 28026.00),
(3, 'TRANS', '202603', 28188.00),
(3, 'TRANS', '202604', 28350.00),
(3, 'TRANS', '202605', 28350.00),
(3, 'TRANS', '202606', 28512.00),
(3, 'TRANS', '202607', 28512.00),
(3, 'TRANS', '202608', 28674.00),
(3, 'TRANS', '202609', 28674.00),
(3, 'TRANS', '202610', 28836.00),
(3, 'TRANS', '202611', 28836.00),
(3, 'TRANS', '202612', 28836.00),
(3, 'TRANS', '202701', 28998.00),
(3, 'TRANS', '202702', 28998.00),
(3, 'TRANS', '202703', 29160.00),
(3, 'TRANS', '202704', 29160.00),
(3, 'TRANS', '202705', 29160.00),
(3, 'TRANS', '202706', 29322.00),
(3, 'TRANS', '202707', 29322.00),
(3, 'TRANS', '202708', 29484.00),
(3, 'TRANS', '202709', 29484.00),
(3, 'TRANS', '202710', 29646.00),
(3, 'TRANS', '202711', 29646.00),
(3, 'TRANS', '202712', 29646.00),
(3, 'TRANS', '202801', 29808.00),
(3, 'TRANS', '202802', 29808.00),
(3, 'TRANS', '202803', 29970.00),
(3, 'TRANS', '202804', 29970.00),
(3, 'TRANS', '202805', 29970.00),
(3, 'TRANS', '202806', 29970.00),
(3, 'TRANS', '202807', 29970.00),
(3, 'TRANS', '202808', 29970.00),
(3, 'TRANS', '202809', 29970.00),
(3, 'TRANS', '202810', 29970.00),
(3, 'TRANS', '202811', 29970.00),
(3, 'TRANS', '202812', 29970.00),
(3, 'TRANS', '202901', 29970.00),
(3, 'TRANS', '202902', 29970.00),
(3, 'TRANS', '202903', 29970.00),
(3, 'TRANS', '202904', 29970.00),
(3, 'TRANS', '202905', 29970.00),
(3, 'TRANS', '202906', 29970.00),
(3, 'TRANS', '202907', 29970.00),
(3, 'TRANS', '202908', 29970.00),
(3, 'TRANS', '202909', 29970.00),
(3, 'TRANS', '202910', 29970.00),
(3, 'TRANS', '202911', 29970.00),
(3, 'TRANS', '202912', 29970.00),
(3, 'TRANS', '203001', 29970.00),
(3, 'TRANS', '203002', 29970.00),
(3, 'TRANS', '203003', 29970.00),
(3, 'TRANS', '203004', 29970.00),
(3, 'TRANS', '203005', 29970.00),
(3, 'TRANS', '203006', 29970.00),
(3, 'TRANS', '203007', 29970.00),
(3, 'TRANS', '203008', 29970.00),
(3, 'TRANS', '203009', 29970.00),
(3, 'TRANS', '203010', 29970.00),
(3, 'TRANS', '203011', 29970.00),
(3, 'TRANS', '203012', 29970.00),
(3, 'TRANS', '203101', 29970.00),
(3, 'TRANS', '203102', 29970.00),
(3, 'TRANS', '203103', 29970.00),
(3, 'TRANS', '203104', 29970.00),
(3, 'TRANS', '203105', 29970.00),
(3, 'TRANS', '203106', 29970.00),
(3, 'TRANS', '203107', 29970.00),
(3, 'TRANS', '203108', 29970.00),
(3, 'TRANS', '203109', 29970.00),
(3, 'TRANS', '203110', 29970.00),
(3, 'TRANS', '203111', 29970.00),
(3, 'TRANS', '203112', 29970.00),
(3, 'TRANS', '203201', 29970.00),
(3, 'TRANS', '203202', 29970.00),
(3, 'TRANS', '203203', 29970.00),
(3, 'TRANS', '203204', 29970.00),
(3, 'TRANS', '203205', 29970.00),
(3, 'TRANS', '203206', 29970.00),
(3, 'TRANS', '203207', 29970.00),
(3, 'TRANS', '203208', 29970.00),
(3, 'TRANS', '203209', 29970.00),
(3, 'TRANS', '203210', 29970.00),
(3, 'TRANS', '203211', 29970.00),
(3, 'TRANS', '203212', 29970.00),
(3, 'TRANS', '203301', 29970.00),
(3, 'TRANS', '203302', 29970.00),
(3, 'TRANS', '203303', 29970.00);


GO
-- =============================================================================
-- 7. 月次間接作業負荷
-- manhour = headcount × 標準hours_per_person(128h)
-- フロントエンドで manhour × ratio により種別ごとの工数を算出
-- =============================================================================

-- indirect_work_case_id = 1 (PLANT)
INSERT INTO monthly_indirect_work_load (indirect_work_case_id, business_unit_code, year_month, manhour, source) VALUES
(1, 'PLANT', '202404', 17920.00, 'calculated'),
(1, 'PLANT', '202405', 18048.00, 'calculated'),
(1, 'PLANT', '202406', 18176.00, 'calculated'),
(1, 'PLANT', '202407', 18304.00, 'calculated'),
(1, 'PLANT', '202408', 18304.00, 'calculated'),
(1, 'PLANT', '202409', 18432.00, 'calculated'),
(1, 'PLANT', '202410', 18560.00, 'calculated'),
(1, 'PLANT', '202411', 18688.00, 'calculated'),
(1, 'PLANT', '202412', 18816.00, 'calculated'),
(1, 'PLANT', '202501', 18944.00, 'calculated'),
(1, 'PLANT', '202502', 18944.00, 'calculated'),
(1, 'PLANT', '202503', 19072.00, 'calculated'),
(1, 'PLANT', '202504', 19200.00, 'calculated'),
(1, 'PLANT', '202505', 19328.00, 'calculated'),
(1, 'PLANT', '202506', 19456.00, 'calculated'),
(1, 'PLANT', '202507', 19584.00, 'calculated'),
(1, 'PLANT', '202508', 19584.00, 'calculated'),
(1, 'PLANT', '202509', 19712.00, 'calculated'),
(1, 'PLANT', '202510', 19840.00, 'calculated'),
(1, 'PLANT', '202511', 19968.00, 'calculated'),
(1, 'PLANT', '202512', 20096.00, 'calculated'),
(1, 'PLANT', '202601', 20224.00, 'calculated'),
(1, 'PLANT', '202602', 20224.00, 'calculated'),
(1, 'PLANT', '202603', 20352.00, 'calculated'),
(1, 'PLANT', '202604', 20480.00, 'calculated'),
(1, 'PLANT', '202605', 20608.00, 'calculated'),
(1, 'PLANT', '202606', 20736.00, 'calculated'),
(1, 'PLANT', '202607', 20864.00, 'calculated'),
(1, 'PLANT', '202608', 20864.00, 'calculated'),
(1, 'PLANT', '202609', 20992.00, 'calculated'),
(1, 'PLANT', '202610', 21120.00, 'calculated'),
(1, 'PLANT', '202611', 21248.00, 'calculated'),
(1, 'PLANT', '202612', 21376.00, 'calculated'),
(1, 'PLANT', '202701', 21504.00, 'calculated'),
(1, 'PLANT', '202702', 21504.00, 'calculated'),
(1, 'PLANT', '202703', 21632.00, 'calculated'),
(1, 'PLANT', '202704', 21760.00, 'calculated'),
(1, 'PLANT', '202705', 21760.00, 'calculated'),
(1, 'PLANT', '202706', 21888.00, 'calculated'),
(1, 'PLANT', '202707', 21888.00, 'calculated'),
(1, 'PLANT', '202708', 22016.00, 'calculated'),
(1, 'PLANT', '202709', 22016.00, 'calculated'),
(1, 'PLANT', '202710', 22144.00, 'calculated'),
(1, 'PLANT', '202711', 22144.00, 'calculated'),
(1, 'PLANT', '202712', 22144.00, 'calculated'),
(1, 'PLANT', '202801', 22272.00, 'calculated'),
(1, 'PLANT', '202802', 22272.00, 'calculated'),
(1, 'PLANT', '202803', 22400.00, 'calculated'),
(1, 'PLANT', '202804', 22400.00, 'calculated'),
(1, 'PLANT', '202805', 22400.00, 'calculated'),
(1, 'PLANT', '202806', 22400.00, 'calculated'),
(1, 'PLANT', '202807', 22528.00, 'calculated'),
(1, 'PLANT', '202808', 22528.00, 'calculated'),
(1, 'PLANT', '202809', 22528.00, 'calculated'),
(1, 'PLANT', '202810', 22528.00, 'calculated'),
(1, 'PLANT', '202811', 22528.00, 'calculated'),
(1, 'PLANT', '202812', 22528.00, 'calculated'),
(1, 'PLANT', '202901', 22656.00, 'calculated'),
(1, 'PLANT', '202902', 22656.00, 'calculated'),
(1, 'PLANT', '202903', 22656.00, 'calculated'),
(1, 'PLANT', '202904', 22656.00, 'calculated'),
(1, 'PLANT', '202905', 22656.00, 'calculated'),
(1, 'PLANT', '202906', 22784.00, 'calculated'),
(1, 'PLANT', '202907', 22784.00, 'calculated'),
(1, 'PLANT', '202908', 22784.00, 'calculated'),
(1, 'PLANT', '202909', 22784.00, 'calculated'),
(1, 'PLANT', '202910', 22912.00, 'calculated'),
(1, 'PLANT', '202911', 22912.00, 'calculated'),
(1, 'PLANT', '202912', 22912.00, 'calculated'),
(1, 'PLANT', '203001', 22912.00, 'calculated'),
(1, 'PLANT', '203002', 23040.00, 'calculated'),
(1, 'PLANT', '203003', 23040.00, 'calculated'),
(1, 'PLANT', '203004', 23040.00, 'calculated'),
(1, 'PLANT', '203005', 23040.00, 'calculated'),
(1, 'PLANT', '203006', 23040.00, 'calculated'),
(1, 'PLANT', '203007', 23168.00, 'calculated'),
(1, 'PLANT', '203008', 23168.00, 'calculated'),
(1, 'PLANT', '203009', 23168.00, 'calculated'),
(1, 'PLANT', '203010', 23168.00, 'calculated'),
(1, 'PLANT', '203011', 23168.00, 'calculated'),
(1, 'PLANT', '203012', 23168.00, 'calculated'),
(1, 'PLANT', '203101', 23296.00, 'calculated'),
(1, 'PLANT', '203102', 23296.00, 'calculated'),
(1, 'PLANT', '203103', 23296.00, 'calculated'),
(1, 'PLANT', '203104', 23296.00, 'calculated'),
(1, 'PLANT', '203105', 23296.00, 'calculated'),
(1, 'PLANT', '203106', 23424.00, 'calculated'),
(1, 'PLANT', '203107', 23424.00, 'calculated'),
(1, 'PLANT', '203108', 23424.00, 'calculated'),
(1, 'PLANT', '203109', 23424.00, 'calculated'),
(1, 'PLANT', '203110', 23552.00, 'calculated'),
(1, 'PLANT', '203111', 23552.00, 'calculated'),
(1, 'PLANT', '203112', 23552.00, 'calculated'),
(1, 'PLANT', '203201', 23552.00, 'calculated'),
(1, 'PLANT', '203202', 23680.00, 'calculated'),
(1, 'PLANT', '203203', 23680.00, 'calculated'),
(1, 'PLANT', '203204', 23680.00, 'calculated'),
(1, 'PLANT', '203205', 23680.00, 'calculated'),
(1, 'PLANT', '203206', 23680.00, 'calculated'),
(1, 'PLANT', '203207', 23680.00, 'calculated'),
(1, 'PLANT', '203208', 23680.00, 'calculated'),
(1, 'PLANT', '203209', 23680.00, 'calculated'),
(1, 'PLANT', '203210', 23680.00, 'calculated'),
(1, 'PLANT', '203211', 23680.00, 'calculated'),
(1, 'PLANT', '203212', 23680.00, 'calculated'),
(1, 'PLANT', '203301', 23680.00, 'calculated'),
(1, 'PLANT', '203302', 23680.00, 'calculated'),
(1, 'PLANT', '203303', 23680.00, 'calculated');

-- indirect_work_case_id = 2 (TRANS)
INSERT INTO monthly_indirect_work_load (indirect_work_case_id, business_unit_code, year_month, manhour, source) VALUES
(2, 'TRANS', '202404', 20224.00, 'calculated'),
(2, 'TRANS', '202405', 20352.00, 'calculated'),
(2, 'TRANS', '202406', 20352.00, 'calculated'),
(2, 'TRANS', '202407', 20480.00, 'calculated'),
(2, 'TRANS', '202408', 20480.00, 'calculated'),
(2, 'TRANS', '202409', 20608.00, 'calculated'),
(2, 'TRANS', '202410', 20736.00, 'calculated'),
(2, 'TRANS', '202411', 20736.00, 'calculated'),
(2, 'TRANS', '202412', 20864.00, 'calculated'),
(2, 'TRANS', '202501', 20864.00, 'calculated'),
(2, 'TRANS', '202502', 20992.00, 'calculated'),
(2, 'TRANS', '202503', 20992.00, 'calculated'),
(2, 'TRANS', '202504', 21120.00, 'calculated'),
(2, 'TRANS', '202505', 21248.00, 'calculated'),
(2, 'TRANS', '202506', 21376.00, 'calculated'),
(2, 'TRANS', '202507', 21504.00, 'calculated'),
(2, 'TRANS', '202508', 21504.00, 'calculated'),
(2, 'TRANS', '202509', 21632.00, 'calculated'),
(2, 'TRANS', '202510', 21760.00, 'calculated'),
(2, 'TRANS', '202511', 21888.00, 'calculated'),
(2, 'TRANS', '202512', 22016.00, 'calculated'),
(2, 'TRANS', '202601', 22144.00, 'calculated'),
(2, 'TRANS', '202602', 22144.00, 'calculated'),
(2, 'TRANS', '202603', 22272.00, 'calculated'),
(2, 'TRANS', '202604', 22400.00, 'calculated'),
(2, 'TRANS', '202605', 22400.00, 'calculated'),
(2, 'TRANS', '202606', 22528.00, 'calculated'),
(2, 'TRANS', '202607', 22528.00, 'calculated'),
(2, 'TRANS', '202608', 22656.00, 'calculated'),
(2, 'TRANS', '202609', 22656.00, 'calculated'),
(2, 'TRANS', '202610', 22784.00, 'calculated'),
(2, 'TRANS', '202611', 22784.00, 'calculated'),
(2, 'TRANS', '202612', 22784.00, 'calculated'),
(2, 'TRANS', '202701', 22912.00, 'calculated'),
(2, 'TRANS', '202702', 22912.00, 'calculated'),
(2, 'TRANS', '202703', 23040.00, 'calculated'),
(2, 'TRANS', '202704', 23040.00, 'calculated'),
(2, 'TRANS', '202705', 23040.00, 'calculated'),
(2, 'TRANS', '202706', 23168.00, 'calculated'),
(2, 'TRANS', '202707', 23168.00, 'calculated'),
(2, 'TRANS', '202708', 23296.00, 'calculated'),
(2, 'TRANS', '202709', 23296.00, 'calculated'),
(2, 'TRANS', '202710', 23424.00, 'calculated'),
(2, 'TRANS', '202711', 23424.00, 'calculated'),
(2, 'TRANS', '202712', 23424.00, 'calculated'),
(2, 'TRANS', '202801', 23552.00, 'calculated'),
(2, 'TRANS', '202802', 23552.00, 'calculated'),
(2, 'TRANS', '202803', 23680.00, 'calculated'),
(2, 'TRANS', '202804', 23680.00, 'calculated'),
(2, 'TRANS', '202805', 23680.00, 'calculated'),
(2, 'TRANS', '202806', 23680.00, 'calculated'),
(2, 'TRANS', '202807', 23680.00, 'calculated'),
(2, 'TRANS', '202808', 23680.00, 'calculated'),
(2, 'TRANS', '202809', 23680.00, 'calculated'),
(2, 'TRANS', '202810', 23680.00, 'calculated'),
(2, 'TRANS', '202811', 23680.00, 'calculated'),
(2, 'TRANS', '202812', 23680.00, 'calculated'),
(2, 'TRANS', '202901', 23680.00, 'calculated'),
(2, 'TRANS', '202902', 23680.00, 'calculated'),
(2, 'TRANS', '202903', 23680.00, 'calculated'),
(2, 'TRANS', '202904', 23680.00, 'calculated'),
(2, 'TRANS', '202905', 23680.00, 'calculated'),
(2, 'TRANS', '202906', 23680.00, 'calculated'),
(2, 'TRANS', '202907', 23680.00, 'calculated'),
(2, 'TRANS', '202908', 23680.00, 'calculated'),
(2, 'TRANS', '202909', 23680.00, 'calculated'),
(2, 'TRANS', '202910', 23680.00, 'calculated'),
(2, 'TRANS', '202911', 23680.00, 'calculated'),
(2, 'TRANS', '202912', 23680.00, 'calculated'),
(2, 'TRANS', '203001', 23680.00, 'calculated'),
(2, 'TRANS', '203002', 23680.00, 'calculated'),
(2, 'TRANS', '203003', 23680.00, 'calculated'),
(2, 'TRANS', '203004', 23680.00, 'calculated'),
(2, 'TRANS', '203005', 23680.00, 'calculated'),
(2, 'TRANS', '203006', 23680.00, 'calculated'),
(2, 'TRANS', '203007', 23680.00, 'calculated'),
(2, 'TRANS', '203008', 23680.00, 'calculated'),
(2, 'TRANS', '203009', 23680.00, 'calculated'),
(2, 'TRANS', '203010', 23680.00, 'calculated'),
(2, 'TRANS', '203011', 23680.00, 'calculated'),
(2, 'TRANS', '203012', 23680.00, 'calculated'),
(2, 'TRANS', '203101', 23680.00, 'calculated'),
(2, 'TRANS', '203102', 23680.00, 'calculated'),
(2, 'TRANS', '203103', 23680.00, 'calculated'),
(2, 'TRANS', '203104', 23680.00, 'calculated'),
(2, 'TRANS', '203105', 23680.00, 'calculated'),
(2, 'TRANS', '203106', 23680.00, 'calculated'),
(2, 'TRANS', '203107', 23680.00, 'calculated'),
(2, 'TRANS', '203108', 23680.00, 'calculated'),
(2, 'TRANS', '203109', 23680.00, 'calculated'),
(2, 'TRANS', '203110', 23680.00, 'calculated'),
(2, 'TRANS', '203111', 23680.00, 'calculated'),
(2, 'TRANS', '203112', 23680.00, 'calculated'),
(2, 'TRANS', '203201', 23680.00, 'calculated'),
(2, 'TRANS', '203202', 23680.00, 'calculated'),
(2, 'TRANS', '203203', 23680.00, 'calculated'),
(2, 'TRANS', '203204', 23680.00, 'calculated'),
(2, 'TRANS', '203205', 23680.00, 'calculated'),
(2, 'TRANS', '203206', 23680.00, 'calculated'),
(2, 'TRANS', '203207', 23680.00, 'calculated'),
(2, 'TRANS', '203208', 23680.00, 'calculated'),
(2, 'TRANS', '203209', 23680.00, 'calculated'),
(2, 'TRANS', '203210', 23680.00, 'calculated'),
(2, 'TRANS', '203211', 23680.00, 'calculated'),
(2, 'TRANS', '203212', 23680.00, 'calculated'),
(2, 'TRANS', '203301', 23680.00, 'calculated'),
(2, 'TRANS', '203302', 23680.00, 'calculated'),
(2, 'TRANS', '203303', 23680.00, 'calculated');

-- indirect_work_case_id = 3 (CO2)
INSERT INTO monthly_indirect_work_load (indirect_work_case_id, business_unit_code, year_month, manhour, source) VALUES
(3, 'CO2', '202404', 28800.00, 'calculated'),
(3, 'CO2', '202405', 29184.00, 'calculated'),
(3, 'CO2', '202406', 29696.00, 'calculated'),
(3, 'CO2', '202407', 30080.00, 'calculated'),
(3, 'CO2', '202408', 30464.00, 'calculated'),
(3, 'CO2', '202409', 30848.00, 'calculated'),
(3, 'CO2', '202410', 31360.00, 'calculated'),
(3, 'CO2', '202411', 31744.00, 'calculated'),
(3, 'CO2', '202412', 32128.00, 'calculated'),
(3, 'CO2', '202501', 32512.00, 'calculated'),
(3, 'CO2', '202502', 33024.00, 'calculated'),
(3, 'CO2', '202503', 33408.00, 'calculated'),
(3, 'CO2', '202504', 33792.00, 'calculated'),
(3, 'CO2', '202505', 34304.00, 'calculated'),
(3, 'CO2', '202506', 34816.00, 'calculated'),
(3, 'CO2', '202507', 35328.00, 'calculated'),
(3, 'CO2', '202508', 35840.00, 'calculated'),
(3, 'CO2', '202509', 36352.00, 'calculated'),
(3, 'CO2', '202510', 36864.00, 'calculated'),
(3, 'CO2', '202511', 37376.00, 'calculated'),
(3, 'CO2', '202512', 37888.00, 'calculated'),
(3, 'CO2', '202601', 38400.00, 'calculated'),
(3, 'CO2', '202602', 38912.00, 'calculated'),
(3, 'CO2', '202603', 39424.00, 'calculated'),
(3, 'CO2', '202604', 39936.00, 'calculated'),
(3, 'CO2', '202605', 40192.00, 'calculated'),
(3, 'CO2', '202606', 40448.00, 'calculated'),
(3, 'CO2', '202607', 40576.00, 'calculated'),
(3, 'CO2', '202608', 40832.00, 'calculated'),
(3, 'CO2', '202609', 41088.00, 'calculated'),
(3, 'CO2', '202610', 41344.00, 'calculated'),
(3, 'CO2', '202611', 41472.00, 'calculated'),
(3, 'CO2', '202612', 41728.00, 'calculated'),
(3, 'CO2', '202701', 41984.00, 'calculated'),
(3, 'CO2', '202702', 42240.00, 'calculated'),
(3, 'CO2', '202703', 42368.00, 'calculated'),
(3, 'CO2', '202704', 42624.00, 'calculated'),
(3, 'CO2', '202705', 42752.00, 'calculated'),
(3, 'CO2', '202706', 43008.00, 'calculated'),
(3, 'CO2', '202707', 43136.00, 'calculated'),
(3, 'CO2', '202708', 43392.00, 'calculated'),
(3, 'CO2', '202709', 43520.00, 'calculated'),
(3, 'CO2', '202710', 43776.00, 'calculated'),
(3, 'CO2', '202711', 43904.00, 'calculated'),
(3, 'CO2', '202712', 44032.00, 'calculated'),
(3, 'CO2', '202801', 44288.00, 'calculated'),
(3, 'CO2', '202802', 44416.00, 'calculated'),
(3, 'CO2', '202803', 44672.00, 'calculated'),
(3, 'CO2', '202804', 44800.00, 'calculated'),
(3, 'CO2', '202805', 45056.00, 'calculated'),
(3, 'CO2', '202806', 45312.00, 'calculated'),
(3, 'CO2', '202807', 45568.00, 'calculated'),
(3, 'CO2', '202808', 45824.00, 'calculated'),
(3, 'CO2', '202809', 46080.00, 'calculated'),
(3, 'CO2', '202810', 46464.00, 'calculated'),
(3, 'CO2', '202811', 46720.00, 'calculated'),
(3, 'CO2', '202812', 46976.00, 'calculated'),
(3, 'CO2', '202901', 47232.00, 'calculated'),
(3, 'CO2', '202902', 47488.00, 'calculated'),
(3, 'CO2', '202903', 47744.00, 'calculated'),
(3, 'CO2', '202904', 48000.00, 'calculated'),
(3, 'CO2', '202905', 48256.00, 'calculated'),
(3, 'CO2', '202906', 48512.00, 'calculated'),
(3, 'CO2', '202907', 48768.00, 'calculated'),
(3, 'CO2', '202908', 49024.00, 'calculated'),
(3, 'CO2', '202909', 49280.00, 'calculated'),
(3, 'CO2', '202910', 49664.00, 'calculated'),
(3, 'CO2', '202911', 49920.00, 'calculated'),
(3, 'CO2', '202912', 50176.00, 'calculated'),
(3, 'CO2', '203001', 50432.00, 'calculated'),
(3, 'CO2', '203002', 50688.00, 'calculated'),
(3, 'CO2', '203003', 50944.00, 'calculated'),
(3, 'CO2', '203004', 51200.00, 'calculated'),
(3, 'CO2', '203005', 51456.00, 'calculated'),
(3, 'CO2', '203006', 51712.00, 'calculated'),
(3, 'CO2', '203007', 51968.00, 'calculated'),
(3, 'CO2', '203008', 52224.00, 'calculated'),
(3, 'CO2', '203009', 52480.00, 'calculated'),
(3, 'CO2', '203010', 52864.00, 'calculated'),
(3, 'CO2', '203011', 53120.00, 'calculated'),
(3, 'CO2', '203012', 53376.00, 'calculated'),
(3, 'CO2', '203101', 53632.00, 'calculated'),
(3, 'CO2', '203102', 53888.00, 'calculated'),
(3, 'CO2', '203103', 54144.00, 'calculated'),
(3, 'CO2', '203104', 54400.00, 'calculated'),
(3, 'CO2', '203105', 54656.00, 'calculated'),
(3, 'CO2', '203106', 54912.00, 'calculated'),
(3, 'CO2', '203107', 55168.00, 'calculated'),
(3, 'CO2', '203108', 55424.00, 'calculated'),
(3, 'CO2', '203109', 55680.00, 'calculated'),
(3, 'CO2', '203110', 56064.00, 'calculated'),
(3, 'CO2', '203111', 56320.00, 'calculated'),
(3, 'CO2', '203112', 56576.00, 'calculated'),
(3, 'CO2', '203201', 56832.00, 'calculated'),
(3, 'CO2', '203202', 57088.00, 'calculated'),
(3, 'CO2', '203203', 57344.00, 'calculated'),
(3, 'CO2', '203204', 57600.00, 'calculated'),
(3, 'CO2', '203205', 57600.00, 'calculated'),
(3, 'CO2', '203206', 57600.00, 'calculated'),
(3, 'CO2', '203207', 57600.00, 'calculated'),
(3, 'CO2', '203208', 57600.00, 'calculated'),
(3, 'CO2', '203209', 57600.00, 'calculated'),
(3, 'CO2', '203210', 57600.00, 'calculated'),
(3, 'CO2', '203211', 57600.00, 'calculated'),
(3, 'CO2', '203212', 57600.00, 'calculated'),
(3, 'CO2', '203301', 57600.00, 'calculated'),
(3, 'CO2', '203302', 57600.00, 'calculated'),
(3, 'CO2', '203303', 57600.00, 'calculated');

GO

-- =============================================================================
-- END
-- =============================================================================
PRINT N'初期データ投入完了';
GO