-- =============================================================================
-- OPS-NEXT モックデータ投入スクリプト
-- 対象: Microsoft SQL Server
-- =============================================================================

-- =============================================================================
-- 1. マスタデータ
-- =============================================================================

-- -----------------------------------------------------------------------------
-- business_units: ビジネスユニット
-- -----------------------------------------------------------------------------
INSERT INTO business_units (business_unit_code, name, display_order) VALUES
('PLANT', N'プラント', 1),
('TRANS', N'交通', 2),
('CO2', N'CO2', 3);

-- -----------------------------------------------------------------------------
-- project_types: 案件タイプ
-- -----------------------------------------------------------------------------
INSERT INTO project_types (project_type_code, name, display_order) VALUES
('EPC', N'EPC', 1),
('SERVICE', N'サービス', 2),
('VICHLE', N'車両', 3),
('INQUIRY', N'引合', 4),
('FEED', N'FEED', 5),
('FS', N'FS', 6),
('SUPPORT', N'サポート', 7),
('OTHER', N'その他', 99);

-- -----------------------------------------------------------------------------
-- work_types: 作業種別（間接作業用）
-- -----------------------------------------------------------------------------
INSERT INTO work_types (work_type_code, name, display_order, color) VALUES
('BUMON', N'部門費', 1, '#64748B'),
('LABO', N'試験研究費', 2, '#A855F7'),
('ESTIMATE', N'見積', 3, '#F97316'),
('OTHER', N'その他', 99, '#94A3B8');

-- -----------------------------------------------------------------------------
-- chart_color_palettes: カラーパレット
-- -----------------------------------------------------------------------------
INSERT INTO chart_color_palettes (name, color_code, display_order) VALUES
(N'Blue', '#3B82F6', 1),
(N'Green', '#22C55E', 2),
(N'Yellow', '#EAB308', 3),
(N'Red', '#EF4444', 4),
(N'Purple', '#A855F7', 5),
(N'Pink', '#EC4899', 6),
(N'Indigo', '#6366F1', 7),
(N'Teal', '#14B8A6', 8),
(N'Orange', '#F97316', 9),
(N'Cyan', '#06B6D4', 10),
(N'Slate', '#64748B', 11),
(N'Emerald', '#10B981', 12);

-- =============================================================================
-- 2. シナリオ・ケース
-- =============================================================================

-- -----------------------------------------------------------------------------
-- capacity_scenarios: キャパシティシナリオ
-- -----------------------------------------------------------------------------
INSERT INTO capacity_scenarios (scenario_name, is_primary, description, hours_per_person) VALUES
(N'標準シナリオ', 1, N'通常の稼働率を想定したベースシナリオ', 128.00),
(N'楽観シナリオ', 0, N'残業込みの最大稼働シナリオ', 162.00);

-- -----------------------------------------------------------------------------
-- headcount_plan_cases: 人員計画ケース
-- -----------------------------------------------------------------------------
INSERT INTO headcount_plan_cases (case_name, is_primary, description, business_unit_code) VALUES
(N'現行計画', 1, N'承認済みの人員計画', NULL),
(N'増員案', 0, N'採用・増員を考慮した計画', NULL),
(N'年度別計画人員数', 0, N'年度別の計画人員数', 'PLANT');

-- -----------------------------------------------------------------------------
-- indirect_work_cases: 間接作業ケース
-- -----------------------------------------------------------------------------
INSERT INTO indirect_work_cases (case_name, is_primary, description, business_unit_code) VALUES
(N'標準配分', 1, N'過去実績に基づく標準的な間接作業配分', 'PLANT'),
(N'標準配分', 1, N'過去実績に基づく標準的な間接作業配分', 'TRANS'),
(N'標準配分', 1, N'過去実績に基づく標準的な間接作業配分', 'CO2');

-- =============================================================================
-- 3. サンプル案件データ
-- =============================================================================

-- -----------------------------------------------------------------------------
-- projects: 案件
-- -----------------------------------------------------------------------------
INSERT INTO projects (project_code, name, business_unit_code, project_type_code, start_year_month, total_manhour, status, duration_months) VALUES
-- PLANT BU
(N'P-2025-001', N'A社プラント建設案件', 'PLANT', 'EPC', '202504', 48000, 'ACTIVE', 24),
(N'P-2025-002', N'B社設備更新案件', 'PLANT', 'SERVICE', '202507', 12000, 'ACTIVE', 12),
(N'P-2025-003', N'C社FEED調査', 'PLANT', 'FEED', '202510', 3000, 'PLANNING', 6),
(N'P-2026-001', N'D社大型プラント', 'PLANT', 'EPC', '202601', 96000, 'PLANNING', 36),
(N'P-2026-002', N'E社保守サービス', 'PLANT', 'SERVICE', '202604', 8000, 'PLANNING', 12),
-- TRANS BU
(N'T-2025-001', N'F市地下鉄車両', 'TRANS', 'VICHLE', '202504', 24000, 'ACTIVE', 18),
(N'T-2025-002', N'G鉄道サポート', 'TRANS', 'SUPPORT', '202506', 6000, 'ACTIVE', 12),
(N'T-2026-001', N'H市新交通システム', 'TRANS', 'EPC', '202607', 72000, 'INQUIRY', 30),
-- CO2 BU
(N'C-2025-001', N'I社CO2回収設備', 'CO2', 'EPC', '202505', 18000, 'ACTIVE', 15),
(N'C-2025-002', N'J社FS調査', 'CO2', 'FS', '202508', 2400, 'ACTIVE', 4);

-- -----------------------------------------------------------------------------
-- project_cases: 案件ケース
-- -----------------------------------------------------------------------------
-- P-2025-001 (project_id = 1)
INSERT INTO project_cases (project_id, case_name, is_primary, description, calculation_type, start_year_month, duration_months, total_manhour) VALUES
(1, N'ベースケース', 1, N'標準的な進捗を想定', 'MANUAL', '202504', 24, 48000),
(1, N'前倒しケース', 0, N'納期前倒しを想定', 'MANUAL', '202504', 20, 48000);

-- P-2025-002 (project_id = 2)
INSERT INTO project_cases (project_id, case_name, is_primary, description, calculation_type, start_year_month, duration_months, total_manhour) VALUES
(2, N'ベースケース', 1, N'標準的な進捗を想定', 'MANUAL', '202507', 12, 12000);

-- P-2025-003 (project_id = 3)
INSERT INTO project_cases (project_id, case_name, is_primary, description, calculation_type, start_year_month, duration_months, total_manhour) VALUES
(3, N'ベースケース', 1, N'標準的な進捗を想定', 'MANUAL', '202510', 6, 3000);

-- P-2026-001 (project_id = 4)
INSERT INTO project_cases (project_id, case_name, is_primary, description, calculation_type, start_year_month, duration_months, total_manhour) VALUES
(4, N'ベースケース', 1, N'標準的な進捗を想定', 'MANUAL', '202601', 36, 96000),
(4, N'縮小ケース', 0, N'スコープ縮小を想定', 'MANUAL', '202601', 30, 72000);

-- P-2026-002 (project_id = 5)
INSERT INTO project_cases (project_id, case_name, is_primary, description, calculation_type, start_year_month, duration_months, total_manhour) VALUES
(5, N'ベースケース', 1, N'標準的な進捗を想定', 'MANUAL', '202604', 12, 8000);

-- T-2025-001 (project_id = 6)
INSERT INTO project_cases (project_id, case_name, is_primary, description, calculation_type, start_year_month, duration_months, total_manhour) VALUES
(6, N'ベースケース', 1, N'標準的な進捗を想定', 'MANUAL', '202504', 18, 24000);

-- T-2025-002 (project_id = 7)
INSERT INTO project_cases (project_id, case_name, is_primary, description, calculation_type, start_year_month, duration_months, total_manhour) VALUES
(7, N'ベースケース', 1, N'標準的な進捗を想定', 'MANUAL', '202506', 12, 6000);

-- T-2026-001 (project_id = 8)
INSERT INTO project_cases (project_id, case_name, is_primary, description, calculation_type, start_year_month, duration_months, total_manhour) VALUES
(8, N'ベースケース', 1, N'標準的な進捗を想定', 'MANUAL', '202607', 30, 72000);

-- C-2025-001 (project_id = 9)
INSERT INTO project_cases (project_id, case_name, is_primary, description, calculation_type, start_year_month, duration_months, total_manhour) VALUES
(9, N'ベースケース', 1, N'標準的な進捗を想定', 'MANUAL', '202505', 15, 18000);

-- C-2025-002 (project_id = 10)
INSERT INTO project_cases (project_id, case_name, is_primary, description, calculation_type, start_year_month, duration_months, total_manhour) VALUES
(10, N'ベースケース', 1, N'標準的な進捗を想定', 'MANUAL', '202508', 4, 2400);

-- =============================================================================
-- 4. 月次データ
-- =============================================================================

-- -----------------------------------------------------------------------------
-- project_load: 案件負荷（P-2025-001 ベースケース: project_case_id = 1）
-- 24ヶ月間の負荷配分
-- -----------------------------------------------------------------------------
INSERT INTO project_load (project_case_id, year_month, manhour) VALUES
-- 2025年度
(1, '202504', 1200.00),
(1, '202505', 1400.00),
(1, '202506', 1600.00),
(1, '202507', 1800.00),
(1, '202508', 2000.00),
(1, '202509', 2200.00),
(1, '202510', 2400.00),
(1, '202511', 2600.00),
(1, '202512', 2800.00),
(1, '202601', 2800.00),
(1, '202602', 2600.00),
(1, '202603', 2400.00),
-- 2026年度
(1, '202604', 2200.00),
(1, '202605', 2000.00),
(1, '202606', 2000.00),
(1, '202607', 2000.00),
(1, '202608', 1800.00),
(1, '202609', 1600.00),
(1, '202610', 1400.00),
(1, '202611', 1200.00),
(1, '202612', 1000.00),
(1, '202701', 800.00),
(1, '202702', 600.00),
(1, '202703', 400.00);

-- P-2025-001 前倒しケース (project_case_id = 2)
INSERT INTO project_load (project_case_id, year_month, manhour) VALUES
(2, '202504', 1600.00),
(2, '202505', 2000.00),
(2, '202506', 2400.00),
(2, '202507', 2800.00),
(2, '202508', 3000.00),
(2, '202509', 3200.00),
(2, '202510', 3200.00),
(2, '202511', 3000.00),
(2, '202512', 2800.00),
(2, '202601', 2600.00),
(2, '202602', 2400.00),
(2, '202603', 2200.00),
(2, '202604', 2000.00),
(2, '202605', 1800.00),
(2, '202606', 1600.00),
(2, '202607', 1400.00),
(2, '202608', 1200.00),
(2, '202609', 1000.00),
(2, '202610', 800.00),
(2, '202611', 600.00);

-- P-2025-002 ベースケース (project_case_id = 3)
INSERT INTO project_load (project_case_id, year_month, manhour) VALUES
(3, '202507', 800.00),
(3, '202508', 1000.00),
(3, '202509', 1200.00),
(3, '202510', 1200.00),
(3, '202511', 1200.00),
(3, '202512', 1200.00),
(3, '202601', 1000.00),
(3, '202602', 1000.00),
(3, '202603', 900.00),
(3, '202604', 800.00),
(3, '202605', 700.00),
(3, '202606', 600.00);

-- P-2025-003 ベースケース (project_case_id = 4)
INSERT INTO project_load (project_case_id, year_month, manhour) VALUES
(4, '202510', 400.00),
(4, '202511', 600.00),
(4, '202512', 700.00),
(4, '202601', 600.00),
(4, '202602', 400.00),
(4, '202603', 300.00);

-- T-2025-001 ベースケース (project_case_id = 7)
INSERT INTO project_load (project_case_id, year_month, manhour) VALUES
(7, '202504', 1000.00),
(7, '202505', 1200.00),
(7, '202506', 1400.00),
(7, '202507', 1600.00),
(7, '202508', 1600.00),
(7, '202509', 1600.00),
(7, '202510', 1500.00),
(7, '202511', 1500.00),
(7, '202512', 1400.00),
(7, '202601', 1400.00),
(7, '202602', 1300.00),
(7, '202603', 1200.00),
(7, '202604', 1100.00),
(7, '202605', 1000.00),
(7, '202606', 900.00),
(7, '202607', 800.00),
(7, '202608', 600.00),
(7, '202609', 500.00);

-- C-2025-001 ベースケース (project_case_id = 10)
INSERT INTO project_load (project_case_id, year_month, manhour) VALUES
(10, '202505', 800.00),
(10, '202506', 1000.00),
(10, '202507', 1200.00),
(10, '202508', 1400.00),
(10, '202509', 1400.00),
(10, '202510', 1400.00),
(10, '202511', 1400.00),
(10, '202512', 1400.00),
(10, '202601', 1400.00),
(10, '202602', 1200.00),
(10, '202603', 1000.00),
(10, '202604', 1000.00),
(10, '202605', 800.00),
(10, '202606', 600.00),
(10, '202607', 600.00);

-- -----------------------------------------------------------------------------
-- monthly_headcount_plan: 月次人員計画（PLANT年度別）
-- headcount_plan_case_id = 3 (年度別計画人員数)
-- -----------------------------------------------------------------------------
-- 2025年度 (165人)
INSERT INTO monthly_headcount_plan (headcount_plan_case_id, business_unit_code, year_month, headcount) VALUES
(3, 'PLANT', '202504', 165),
(3, 'PLANT', '202505', 165),
(3, 'PLANT', '202506', 165),
(3, 'PLANT', '202507', 165),
(3, 'PLANT', '202508', 165),
(3, 'PLANT', '202509', 165),
(3, 'PLANT', '202510', 165),
(3, 'PLANT', '202511', 165),
(3, 'PLANT', '202512', 165),
(3, 'PLANT', '202601', 165),
(3, 'PLANT', '202602', 165),
(3, 'PLANT', '202603', 165),
-- 2026年度 (175人)
(3, 'PLANT', '202604', 175),
(3, 'PLANT', '202605', 175),
(3, 'PLANT', '202606', 175),
(3, 'PLANT', '202607', 175),
(3, 'PLANT', '202608', 175),
(3, 'PLANT', '202609', 175),
(3, 'PLANT', '202610', 175),
(3, 'PLANT', '202611', 175),
(3, 'PLANT', '202612', 175),
(3, 'PLANT', '202701', 175),
(3, 'PLANT', '202702', 175),
(3, 'PLANT', '202703', 175),
-- 2027年度 (180人)
(3, 'PLANT', '202704', 180),
(3, 'PLANT', '202705', 180),
(3, 'PLANT', '202706', 180),
(3, 'PLANT', '202707', 180),
(3, 'PLANT', '202708', 180),
(3, 'PLANT', '202709', 180),
(3, 'PLANT', '202710', 180),
(3, 'PLANT', '202711', 180),
(3, 'PLANT', '202712', 180),
(3, 'PLANT', '202801', 180),
(3, 'PLANT', '202802', 180),
(3, 'PLANT', '202803', 180);

-- -----------------------------------------------------------------------------
-- monthly_capacity: 月次キャパシティ
-- capacity_scenario_id = 1 (標準シナリオ)
-- 月160時間 × 人数 × 稼働率80% = capacity
-- -----------------------------------------------------------------------------
INSERT INTO monthly_capacity (capacity_scenario_id, business_unit_code, year_month, capacity) VALUES
-- PLANT 2025年度 (165人 × 160h × 80% = 21,120h)
(1, 'PLANT', '202504', 21120.00),
(1, 'PLANT', '202505', 21120.00),
(1, 'PLANT', '202506', 21120.00),
(1, 'PLANT', '202507', 21120.00),
(1, 'PLANT', '202508', 21120.00),
(1, 'PLANT', '202509', 21120.00),
(1, 'PLANT', '202510', 21120.00),
(1, 'PLANT', '202511', 21120.00),
(1, 'PLANT', '202512', 21120.00),
(1, 'PLANT', '202601', 21120.00),
(1, 'PLANT', '202602', 21120.00),
(1, 'PLANT', '202603', 21120.00),
-- PLANT 2026年度 (175人 × 160h × 80% = 22,400h)
(1, 'PLANT', '202604', 22400.00),
(1, 'PLANT', '202605', 22400.00),
(1, 'PLANT', '202606', 22400.00),
(1, 'PLANT', '202607', 22400.00),
(1, 'PLANT', '202608', 22400.00),
(1, 'PLANT', '202609', 22400.00),
(1, 'PLANT', '202610', 22400.00),
(1, 'PLANT', '202611', 22400.00),
(1, 'PLANT', '202612', 22400.00),
(1, 'PLANT', '202701', 22400.00),
(1, 'PLANT', '202702', 22400.00),
(1, 'PLANT', '202703', 22400.00),
-- TRANS 2025年度 (50人想定)
(1, 'TRANS', '202504', 6400.00),
(1, 'TRANS', '202505', 6400.00),
(1, 'TRANS', '202506', 6400.00),
(1, 'TRANS', '202507', 6400.00),
(1, 'TRANS', '202508', 6400.00),
(1, 'TRANS', '202509', 6400.00),
(1, 'TRANS', '202510', 6400.00),
(1, 'TRANS', '202511', 6400.00),
(1, 'TRANS', '202512', 6400.00),
(1, 'TRANS', '202601', 6400.00),
(1, 'TRANS', '202602', 6400.00),
(1, 'TRANS', '202603', 6400.00),
-- CO2 2025年度 (30人想定)
(1, 'CO2', '202504', 3840.00),
(1, 'CO2', '202505', 3840.00),
(1, 'CO2', '202506', 3840.00),
(1, 'CO2', '202507', 3840.00),
(1, 'CO2', '202508', 3840.00),
(1, 'CO2', '202509', 3840.00),
(1, 'CO2', '202510', 3840.00),
(1, 'CO2', '202511', 3840.00),
(1, 'CO2', '202512', 3840.00),
(1, 'CO2', '202601', 3840.00),
(1, 'CO2', '202602', 3840.00),
(1, 'CO2', '202603', 3840.00);

-- -----------------------------------------------------------------------------
-- monthly_indirect_work_load: 月次間接作業負荷
-- indirect_work_case_id = 1 (PLANT標準配分)
-- -----------------------------------------------------------------------------
INSERT INTO monthly_indirect_work_load (indirect_work_case_id, business_unit_code, year_month, manhour, source) VALUES
(1, 'PLANT', '202504', 4200.00, 'calculated'),
(1, 'PLANT', '202505', 4200.00, 'calculated'),
(1, 'PLANT', '202506', 4200.00, 'calculated'),
(1, 'PLANT', '202507', 4200.00, 'calculated'),
(1, 'PLANT', '202508', 4200.00, 'calculated'),
(1, 'PLANT', '202509', 4200.00, 'calculated'),
(1, 'PLANT', '202510', 4200.00, 'calculated'),
(1, 'PLANT', '202511', 4200.00, 'calculated'),
(1, 'PLANT', '202512', 4200.00, 'calculated'),
(1, 'PLANT', '202601', 4200.00, 'calculated'),
(1, 'PLANT', '202602', 4200.00, 'calculated'),
(1, 'PLANT', '202603', 4200.00, 'calculated');

-- -----------------------------------------------------------------------------
-- indirect_work_type_ratios: 間接作業種別比率
-- indirect_work_case_id = 1 (PLANT標準配分)
-- -----------------------------------------------------------------------------
INSERT INTO indirect_work_type_ratios (indirect_work_case_id, work_type_code, fiscal_year, ratio) VALUES
(1, 'BUMON', 2025, 0.4000),
(1, 'LABO', 2025, 0.2500),
(1, 'ESTIMATE', 2025, 0.2500),
(1, 'OTHER', 2025, 0.1000),
(1, 'BUMON', 2026, 0.4000),
(1, 'LABO', 2026, 0.2500),
(1, 'ESTIMATE', 2026, 0.2500),
(1, 'OTHER', 2026, 0.1000);

-- =============================================================================
-- 5. 標準工数マスタ
-- =============================================================================

-- -----------------------------------------------------------------------------
-- standard_effort_masters: 標準工数パターン
-- -----------------------------------------------------------------------------
INSERT INTO standard_effort_masters (business_unit_code, project_type_code, name) VALUES
('PLANT', 'EPC', N'EPC標準（24ヶ月）'),
('PLANT', 'EPC', N'EPC標準（36ヶ月）'),
('PLANT', 'SERVICE', N'サービス標準'),
('PLANT', 'FEED', N'FEED標準'),
('TRANS', 'VICHLE', N'車両標準'),
('CO2', 'EPC', N'CO2回収EPC標準');

-- -----------------------------------------------------------------------------
-- standard_effort_weights: 標準工数重み配分
-- standard_effort_id = 1 (PLANT EPC標準24ヶ月)
-- 進捗率0-100%を5%刻みで設定
-- -----------------------------------------------------------------------------
INSERT INTO standard_effort_weights (standard_effort_id, progress_rate, weight) VALUES
(1, 0, 2),
(1, 5, 3),
(1, 10, 4),
(1, 15, 5),
(1, 20, 6),
(1, 25, 7),
(1, 30, 8),
(1, 35, 8),
(1, 40, 8),
(1, 45, 8),
(1, 50, 8),
(1, 55, 7),
(1, 60, 7),
(1, 65, 6),
(1, 70, 5),
(1, 75, 4),
(1, 80, 4),
(1, 85, 3),
(1, 90, 3),
(1, 95, 2),
(1, 100, 2);

-- =============================================================================
-- 6. チャートビュー設定
-- =============================================================================

-- -----------------------------------------------------------------------------
-- chart_views: チャートビュー
-- -----------------------------------------------------------------------------
INSERT INTO chart_views (view_name, chart_type, start_year_month, end_year_month, is_default, description) VALUES
(N'PLANT全体負荷', 'STACKED_BAR', '202504', '202803', 1, N'PLANTビジネスユニットの全案件負荷を表示'),
(N'TRANS全体負荷', 'STACKED_BAR', '202504', '202703', 0, N'TRANSビジネスユニットの全案件負荷を表示'),
(N'CO2全体負荷', 'STACKED_BAR', '202504', '202703', 0, N'CO2ビジネスユニットの全案件負荷を表示'),
(N'2025年度サマリー', 'STACKED_BAR', '202504', '202603', 0, N'2025年度の全BU負荷サマリー');

-- -----------------------------------------------------------------------------
-- chart_view_project_items: チャートビュー案件項目
-- chart_view_id = 1 (PLANT全体負荷)
-- -----------------------------------------------------------------------------
INSERT INTO chart_view_project_items (chart_view_id, project_id, project_case_id, display_order, is_visible) VALUES
(1, 1, 1, 1, 1),  -- P-2025-001 ベースケース
(1, 2, 3, 2, 1),  -- P-2025-002 ベースケース
(1, 3, 4, 3, 1),  -- P-2025-003 ベースケース
(1, 4, 5, 4, 1),  -- P-2026-001 ベースケース
(1, 5, 6, 5, 1);  -- P-2026-002 ベースケース

-- chart_view_id = 2 (TRANS全体負荷)
INSERT INTO chart_view_project_items (chart_view_id, project_id, project_case_id, display_order, is_visible) VALUES
(2, 6, 7, 1, 1),  -- T-2025-001 ベースケース
(2, 7, 8, 2, 1),  -- T-2025-002 ベースケース
(2, 8, 9, 3, 1);  -- T-2026-001 ベースケース

-- chart_view_id = 3 (CO2全体負荷)
INSERT INTO chart_view_project_items (chart_view_id, project_id, project_case_id, display_order, is_visible) VALUES
(3, 9, 10, 1, 1),  -- C-2025-001 ベースケース
(3, 10, 11, 2, 1); -- C-2025-002 ベースケース

-- -----------------------------------------------------------------------------
-- chart_view_indirect_work_items: チャートビュー間接作業項目
-- -----------------------------------------------------------------------------
INSERT INTO chart_view_indirect_work_items (chart_view_id, indirect_work_case_id, display_order, is_visible) VALUES
(1, 1, 1, 1),  -- PLANT標準配分
(2, 2, 1, 1),  -- TRANS標準配分
(3, 3, 1, 1);  -- CO2標準配分

-- -----------------------------------------------------------------------------
-- chart_stack_order_settings: 山積順設定
-- -----------------------------------------------------------------------------
INSERT INTO chart_stack_order_settings (target_type, target_id, stack_order) VALUES
('PROJECT', 1, 1),
('PROJECT', 2, 2),
('PROJECT', 3, 3),
('PROJECT', 4, 4),
('PROJECT', 5, 5),
('INDIRECT', 1, 100);

-- -----------------------------------------------------------------------------
-- chart_color_settings: カラー設定
-- -----------------------------------------------------------------------------
INSERT INTO chart_color_settings (target_type, target_id, color_code) VALUES
('PROJECT', 1, '#3B82F6'),  -- Blue
('PROJECT', 2, '#22C55E'),  -- Green
('PROJECT', 3, '#EAB308'),  -- Yellow
('PROJECT', 4, '#EF4444'),  -- Red
('PROJECT', 5, '#A855F7'),  -- Purple
('PROJECT', 6, '#EC4899'),  -- Pink
('PROJECT', 7, '#6366F1'),  -- Indigo
('PROJECT', 8, '#14B8A6'),  -- Teal
('PROJECT', 9, '#F97316'),  -- Orange
('PROJECT', 10, '#06B6D4'), -- Cyan
('INDIRECT', 1, '#64748B'), -- Slate
('INDIRECT', 2, '#64748B'), -- Slate
('INDIRECT', 3, '#64748B'); -- Slate

-- =============================================================================
-- 完了メッセージ
-- =============================================================================
PRINT 'Seed data inserted successfully.';
GO
