-- =============================================================================
-- OPS-NEXT モックデータ投入スクリプト
-- 対象: Microsoft SQL Server
-- =============================================================================

-- =============================================================================
-- 0. 既存データ削除（子テーブルから順に削除）
-- =============================================================================

-- チャートビュー関連（子テーブル）
DELETE FROM chart_view_capacity_items;
DELETE FROM chart_view_project_items;
DELETE FROM chart_views;

-- チャート設定
DELETE FROM chart_stack_order_settings;
DELETE FROM chart_color_settings;

-- 標準工数関連
DELETE FROM standard_effort_weights;
DELETE FROM standard_effort_masters;

-- 間接作業関連（子テーブルから）
DELETE FROM indirect_work_type_ratios;
DELETE FROM monthly_indirect_work_load;

-- 月次データ
DELETE FROM monthly_capacity;
DELETE FROM monthly_headcount_plan;

-- 案件関連（子テーブルから）
DELETE FROM project_load;
DELETE FROM project_cases;
DELETE FROM projects;

-- シナリオ・ケース
DELETE FROM indirect_work_cases;
DELETE FROM headcount_plan_cases;
DELETE FROM capacity_scenarios;

-- マスタデータ
DELETE FROM chart_color_palettes;
DELETE FROM work_types;
DELETE FROM project_types;
DELETE FROM business_units;

-- IDENTITY列のリセット
DBCC CHECKIDENT ('chart_view_capacity_items', RESEED, 0);
DBCC CHECKIDENT ('chart_view_project_items', RESEED, 0);
DBCC CHECKIDENT ('chart_views', RESEED, 0);
DBCC CHECKIDENT ('chart_stack_order_settings', RESEED, 0);
DBCC CHECKIDENT ('chart_color_settings', RESEED, 0);
DBCC CHECKIDENT ('chart_color_palettes', RESEED, 0);
DBCC CHECKIDENT ('standard_effort_weights', RESEED, 0);
DBCC CHECKIDENT ('standard_effort_masters', RESEED, 0);
DBCC CHECKIDENT ('indirect_work_type_ratios', RESEED, 0);
DBCC CHECKIDENT ('monthly_indirect_work_load', RESEED, 0);
DBCC CHECKIDENT ('monthly_capacity', RESEED, 0);
DBCC CHECKIDENT ('monthly_headcount_plan', RESEED, 0);
DBCC CHECKIDENT ('project_load', RESEED, 0);
DBCC CHECKIDENT ('project_cases', RESEED, 0);
DBCC CHECKIDENT ('projects', RESEED, 0);
DBCC CHECKIDENT ('indirect_work_cases', RESEED, 0);
DBCC CHECKIDENT ('headcount_plan_cases', RESEED, 0);
DBCC CHECKIDENT ('capacity_scenarios', RESEED, 0);

-- =============================================================================
-- 1. マスタデータ
-- =============================================================================

-- -----------------------------------------------------------------------------
-- business_units: ビジネスユニット
-- -----------------------------------------------------------------------------
INSERT INTO business_units (business_unit_code, name, display_order) VALUES
('PLANT', N'プラント', 1),
('TRANS', N'交通', 2),
('CO2', N'CO2', 3);

-- -----------------------------------------------------------------------------
-- project_types: 案件タイプ
-- -----------------------------------------------------------------------------
INSERT INTO project_types (project_type_code, name, display_order) VALUES
('EPC', N'EPC', 1),
('SERVICE', N'サービス', 2),
('VICHLE', N'車両', 3),
('INQUIRY', N'引合', 4),
('FEED', N'FEED', 5),
('FS', N'FS', 6),
('SUPPORT', N'サポート', 7),
('OTHER', N'その他', 99);

-- -----------------------------------------------------------------------------
-- work_types: 作業種別（間接作業用）
-- -----------------------------------------------------------------------------
INSERT INTO work_types (work_type_code, name, display_order, color) VALUES
('BUMON', N'部門費', 1, '#d1d5db'),
('LABO', N'試験研究費', 2, '#9ca3af'),
('ESTIMATE', N'見積', 3, '#6b7280'),
('OTHER', N'その他', 99, '#4b5563');

-- -----------------------------------------------------------------------------
-- chart_color_palettes: カラーパレット
-- -----------------------------------------------------------------------------
INSERT INTO chart_color_palettes (name, color_code, display_order) VALUES
(N'Pastel Blue', '#B9DEFA', 1),
(N'Pastel Green', '#B7FFB7', 2),
(N'Pastel Yellow', '#FFFF99', 3),
(N'Pastel Red', '#FFB3B3', 4),
(N'Pastel Purple', '#D4B8FF', 5),
(N'Pastel Pink', '#FFB8D4', 6),
(N'Pastel Indigo', '#B8BBFF', 7),
(N'Pastel Teal', '#A8E8E0', 8),
(N'Pastel Orange', '#FFD4A8', 9),
(N'Pastel Cyan', '#93E5E5', 10),
(N'Pastel Slate', '#C8D5E0', 11),
(N'Pastel Emerald', '#A8E8D0', 12);

-- =============================================================================
-- 2. シナリオ・ケース
-- =============================================================================

-- -----------------------------------------------------------------------------
-- capacity_scenarios: キャパシティシナリオ
-- -----------------------------------------------------------------------------
INSERT INTO capacity_scenarios (scenario_name, is_primary, description, hours_per_person) VALUES
(N'標準シナリオ', 1, N'通常の稼働率を想定したベースシナリオ', 128.00),
(N'楽観シナリオ', 0, N'残業込みの最大稼働シナリオ', 162.00);

-- -----------------------------------------------------------------------------
-- headcount_plan_cases: 人員計画ケース
-- -----------------------------------------------------------------------------
INSERT INTO headcount_plan_cases (case_name, is_primary, description, business_unit_code) VALUES
(N'現行計画', 1, N'承認済みの人員計画', NULL),
(N'増員案', 0, N'採用・増員を考慮した計画', NULL),
(N'年度別計画人員数', 0, N'年度別の計画人員数', 'PLANT');

-- -----------------------------------------------------------------------------
-- indirect_work_cases: 間接作業ケース
-- -----------------------------------------------------------------------------
INSERT INTO indirect_work_cases (case_name, is_primary, description, business_unit_code) VALUES
(N'標準配分', 1, N'過去実績に基づく標準的な間接作業配分', 'PLANT'),
(N'標準配分', 1, N'過去実績に基づく標準的な間接作業配分', 'TRANS'),
(N'標準配分', 1, N'過去実績に基づく標準的な間接作業配分', 'CO2');

-- =============================================================================
-- 3. サンプル案件データ
-- =============================================================================

-- -----------------------------------------------------------------------------
-- projects: 案件
-- -----------------------------------------------------------------------------
INSERT INTO projects (project_code, name, business_unit_code, project_type_code, start_year_month, total_manhour, status, duration_months, fiscal_year, nickname, customer_name, order_number, calculation_basis, remarks, region) VALUES
-- PLANT BU
(N'P-2025-001', N'A社プラント建設案件', 'PLANT', 'EPC', '202504', 48000, 'ACTIVE', 24, 2025, N'A社プラント', N'A社', N'ORD-2025-001', N'過去実績ベース', N'優先度高', N'関東'),
(N'P-2025-002', N'B社設備更新案件', 'PLANT', 'SERVICE', '202507', 12000, 'ACTIVE', 12, 2025, N'B社設備更新', N'B社', N'ORD-2025-002', N'見積ベース', NULL, N'中部'),
(N'P-2025-003', N'C社FEED調査', 'PLANT', 'FEED', '202510', 3000, 'PLANNING', 6, 2025, N'C社FEED', N'C社', NULL, N'概算', N'FEED段階', N'関西'),
(N'P-2026-001', N'D社大型プラント', 'PLANT', 'EPC', '202601', 96000, 'PLANNING', 36, 2026, N'D社大型', N'D社', NULL, N'標準工数マスタベース', N'大型案件・要注意', N'海外'),
(N'P-2026-002', N'E社保守サービス', 'PLANT', 'SERVICE', '202604', 8000, 'PLANNING', 12, 2026, N'E社保守', N'E社', NULL, N'過去実績ベース', NULL, N'関東'),
-- TRANS BU
(N'T-2025-001', N'F市地下鉄車両', 'TRANS', 'VICHLE', '202504', 24000, 'ACTIVE', 18, 2025, N'F市地下鉄', N'F市交通局', N'ORD-2025-T01', N'車両単価×編成数', NULL, N'関東'),
(N'T-2025-002', N'G鉄道サポート', 'TRANS', 'SUPPORT', '202506', 6000, 'ACTIVE', 12, 2025, N'G鉄道', N'G鉄道', N'ORD-2025-T02', N'過去実績ベース', N'継続案件', N'東北'),
(N'T-2026-001', N'H市新交通システム', 'TRANS', 'EPC', '202607', 72000, 'INQUIRY', 30, 2026, N'H市新交通', N'H市', NULL, N'概算', N'引合段階', N'九州'),
-- CO2 BU
(N'C-2025-001', N'I社CO2回収設備', 'CO2', 'EPC', '202505', 18000, 'ACTIVE', 15, 2025, N'I社CO2回収', N'I社', N'ORD-2025-C01', N'過去実績ベース', NULL, N'中部'),
(N'C-2025-002', N'J社FS調査', 'CO2', 'FS', '202508', 2400, 'ACTIVE', 4, 2025, N'J社FS', N'J社', NULL, N'概算', N'短期調査', N'関西');

-- -----------------------------------------------------------------------------
-- project_cases: 案件ケース
-- -----------------------------------------------------------------------------
-- P-2025-001 (project_id = 1)
INSERT INTO project_cases (project_id, case_name, is_primary, description, calculation_type, start_year_month, duration_months, total_manhour) VALUES
(1, N'ベースケース', 1, N'標準的な進捗を想定', 'MANUAL', '202504', 24, 48000),
(1, N'前倒しケース', 0, N'納期前倒しを想定', 'MANUAL', '202504', 20, 48000);

-- P-2025-002 (project_id = 2)
INSERT INTO project_cases (project_id, case_name, is_primary, description, calculation_type, start_year_month, duration_months, total_manhour) VALUES
(2, N'ベースケース', 1, N'標準的な進捗を想定', 'MANUAL', '202507', 12, 12000);

-- P-2025-003 (project_id = 3)
INSERT INTO project_cases (project_id, case_name, is_primary, description, calculation_type, start_year_month, duration_months, total_manhour) VALUES
(3, N'ベースケース', 1, N'標準的な進捗を想定', 'MANUAL', '202510', 6, 3000);

-- P-2026-001 (project_id = 4)
INSERT INTO project_cases (project_id, case_name, is_primary, description, calculation_type, start_year_month, duration_months, total_manhour) VALUES
(4, N'ベースケース', 1, N'標準的な進捗を想定', 'MANUAL', '202601', 36, 96000),
(4, N'縮小ケース', 0, N'スコープ縮小を想定', 'MANUAL', '202601', 30, 72000);

-- P-2026-002 (project_id = 5)
INSERT INTO project_cases (project_id, case_name, is_primary, description, calculation_type, start_year_month, duration_months, total_manhour) VALUES
(5, N'ベースケース', 1, N'標準的な進捗を想定', 'MANUAL', '202604', 12, 8000);

-- T-2025-001 (project_id = 6)
INSERT INTO project_cases (project_id, case_name, is_primary, description, calculation_type, start_year_month, duration_months, total_manhour) VALUES
(6, N'ベースケース', 1, N'標準的な進捗を想定', 'MANUAL', '202504', 18, 24000);

-- T-2025-002 (project_id = 7)
INSERT INTO project_cases (project_id, case_name, is_primary, description, calculation_type, start_year_month, duration_months, total_manhour) VALUES
(7, N'ベースケース', 1, N'標準的な進捗を想定', 'MANUAL', '202506', 12, 6000);

-- T-2026-001 (project_id = 8)
INSERT INTO project_cases (project_id, case_name, is_primary, description, calculation_type, start_year_month, duration_months, total_manhour) VALUES
(8, N'ベースケース', 1, N'標準的な進捗を想定', 'MANUAL', '202607', 30, 72000);

-- C-2025-001 (project_id = 9)
INSERT INTO project_cases (project_id, case_name, is_primary, description, calculation_type, start_year_month, duration_months, total_manhour) VALUES
(9, N'ベースケース', 1, N'標準的な進捗を想定', 'MANUAL', '202505', 15, 18000);

-- C-2025-002 (project_id = 10)
INSERT INTO project_cases (project_id, case_name, is_primary, description, calculation_type, start_year_month, duration_months, total_manhour) VALUES
(10, N'ベースケース', 1, N'標準的な進捗を想定', 'MANUAL', '202508', 4, 2400);

-- =============================================================================
-- 4. 月次データ
-- =============================================================================

-- -----------------------------------------------------------------------------
-- project_load: 案件負荷（P-2025-001 ベースケース: project_case_id = 1）
-- 24ヶ月間の負荷配分
-- -----------------------------------------------------------------------------
INSERT INTO project_load (project_case_id, year_month, manhour) VALUES
-- 2025年度
(1, '202504', 1200.00),
(1, '202505', 1400.00),
(1, '202506', 1600.00),
(1, '202507', 1800.00),
(1, '202508', 2000.00),
(1, '202509', 2200.00),
(1, '202510', 2400.00),
(1, '202511', 2600.00),
(1, '202512', 2800.00),
(1, '202601', 2800.00),
(1, '202602', 2600.00),
(1, '202603', 2400.00),
-- 2026年度
(1, '202604', 2200.00),
(1, '202605', 2000.00),
(1, '202606', 2000.00),
(1, '202607', 2000.00),
(1, '202608', 1800.00),
(1, '202609', 1600.00),
(1, '202610', 1400.00),
(1, '202611', 1200.00),
(1, '202612', 1000.00),
(1, '202701', 800.00),
(1, '202702', 600.00),
(1, '202703', 400.00);

-- P-2025-001 前倒しケース (project_case_id = 2)
INSERT INTO project_load (project_case_id, year_month, manhour) VALUES
(2, '202504', 1600.00),
(2, '202505', 2000.00),
(2, '202506', 2400.00),
(2, '202507', 2800.00),
(2, '202508', 3000.00),
(2, '202509', 3200.00),
(2, '202510', 3200.00),
(2, '202511', 3000.00),
(2, '202512', 2800.00),
(2, '202601', 2600.00),
(2, '202602', 2400.00),
(2, '202603', 2200.00),
(2, '202604', 2000.00),
(2, '202605', 1800.00),
(2, '202606', 1600.00),
(2, '202607', 1400.00),
(2, '202608', 1200.00),
(2, '202609', 1000.00),
(2, '202610', 800.00),
(2, '202611', 600.00);

-- P-2025-002 ベースケース (project_case_id = 3)
INSERT INTO project_load (project_case_id, year_month, manhour) VALUES
(3, '202507', 800.00),
(3, '202508', 1000.00),
(3, '202509', 1200.00),
(3, '202510', 1200.00),
(3, '202511', 1200.00),
(3, '202512', 1200.00),
(3, '202601', 1000.00),
(3, '202602', 1000.00),
(3, '202603', 900.00),
(3, '202604', 800.00),
(3, '202605', 700.00),
(3, '202606', 600.00);

-- P-2025-003 ベースケース (project_case_id = 4)
INSERT INTO project_load (project_case_id, year_month, manhour) VALUES
(4, '202510', 400.00),
(4, '202511', 600.00),
(4, '202512', 700.00),
(4, '202601', 600.00),
(4, '202602', 400.00),
(4, '202603', 300.00);

-- T-2025-001 ベースケース (project_case_id = 8)
INSERT INTO project_load (project_case_id, year_month, manhour) VALUES
(8, '202504', 1000.00),
(8, '202505', 1200.00),
(8, '202506', 1400.00),
(8, '202507', 1600.00),
(8, '202508', 1600.00),
(8, '202509', 1600.00),
(8, '202510', 1500.00),
(8, '202511', 1500.00),
(8, '202512', 1400.00),
(8, '202601', 1400.00),
(8, '202602', 1300.00),
(8, '202603', 1200.00),
(8, '202604', 1100.00),
(8, '202605', 1000.00),
(8, '202606', 900.00),
(8, '202607', 800.00),
(8, '202608', 600.00),
(8, '202609', 500.00);

-- C-2025-001 ベースケース (project_case_id = 11)
INSERT INTO project_load (project_case_id, year_month, manhour) VALUES
(11, '202505', 800.00),
(11, '202506', 1000.00),
(11, '202507', 1200.00),
(11, '202508', 1400.00),
(11, '202509', 1400.00),
(11, '202510', 1400.00),
(11, '202511', 1400.00),
(11, '202512', 1400.00),
(11, '202601', 1400.00),
(11, '202602', 1200.00),
(11, '202603', 1000.00),
(11, '202604', 1000.00),
(11, '202605', 800.00),
(11, '202606', 600.00),
(11, '202607', 600.00);

-- -----------------------------------------------------------------------------
-- monthly_headcount_plan: 月次人員計画（PLANT年度別）
-- headcount_plan_case_id = 3 (年度別計画人員数)
-- -----------------------------------------------------------------------------
-- 2025年度 (165人)
INSERT INTO monthly_headcount_plan (headcount_plan_case_id, business_unit_code, year_month, headcount) VALUES
(3, 'PLANT', '202504', 165),
(3, 'PLANT', '202505', 165),
(3, 'PLANT', '202506', 165),
(3, 'PLANT', '202507', 165),
(3, 'PLANT', '202508', 165),
(3, 'PLANT', '202509', 165),
(3, 'PLANT', '202510', 165),
(3, 'PLANT', '202511', 165),
(3, 'PLANT', '202512', 165),
(3, 'PLANT', '202601', 165),
(3, 'PLANT', '202602', 165),
(3, 'PLANT', '202603', 165),
-- 2026年度 (175人)
(3, 'PLANT', '202604', 175),
(3, 'PLANT', '202605', 175),
(3, 'PLANT', '202606', 175),
(3, 'PLANT', '202607', 175),
(3, 'PLANT', '202608', 175),
(3, 'PLANT', '202609', 175),
(3, 'PLANT', '202610', 175),
(3, 'PLANT', '202611', 175),
(3, 'PLANT', '202612', 175),
(3, 'PLANT', '202701', 175),
(3, 'PLANT', '202702', 175),
(3, 'PLANT', '202703', 175),
-- 2027年度 (180人)
(3, 'PLANT', '202704', 180),
(3, 'PLANT', '202705', 180),
(3, 'PLANT', '202706', 180),
(3, 'PLANT', '202707', 180),
(3, 'PLANT', '202708', 180),
(3, 'PLANT', '202709', 180),
(3, 'PLANT', '202710', 180),
(3, 'PLANT', '202711', 180),
(3, 'PLANT', '202712', 180),
(3, 'PLANT', '202801', 180),
(3, 'PLANT', '202802', 180),
(3, 'PLANT', '202803', 180);

-- -----------------------------------------------------------------------------
-- monthly_capacity: 月次キャパシティ
-- capacity_scenario_id = 1 (標準シナリオ)
-- 月160時間 × 人数 × 稼働率80% = capacity
-- -----------------------------------------------------------------------------
INSERT INTO monthly_capacity (capacity_scenario_id, business_unit_code, year_month, capacity) VALUES
-- PLANT 2025年度 (165人 × 160h × 80% = 21,120h)
(1, 'PLANT', '202504', 21120.00),
(1, 'PLANT', '202505', 21120.00),
(1, 'PLANT', '202506', 21120.00),
(1, 'PLANT', '202507', 21120.00),
(1, 'PLANT', '202508', 21120.00),
(1, 'PLANT', '202509', 21120.00),
(1, 'PLANT', '202510', 21120.00),
(1, 'PLANT', '202511', 21120.00),
(1, 'PLANT', '202512', 21120.00),
(1, 'PLANT', '202601', 21120.00),
(1, 'PLANT', '202602', 21120.00),
(1, 'PLANT', '202603', 21120.00),
-- PLANT 2026年度 (175人 × 160h × 80% = 22,400h)
(1, 'PLANT', '202604', 22400.00),
(1, 'PLANT', '202605', 22400.00),
(1, 'PLANT', '202606', 22400.00),
(1, 'PLANT', '202607', 22400.00),
(1, 'PLANT', '202608', 22400.00),
(1, 'PLANT', '202609', 22400.00),
(1, 'PLANT', '202610', 22400.00),
(1, 'PLANT', '202611', 22400.00),
(1, 'PLANT', '202612', 22400.00),
(1, 'PLANT', '202701', 22400.00),
(1, 'PLANT', '202702', 22400.00),
(1, 'PLANT', '202703', 22400.00),
-- PLANT 2027年度 (180人 × 160h × 80% = 23,040h)
(1, 'PLANT', '202704', 23040.00),
(1, 'PLANT', '202705', 23040.00),
(1, 'PLANT', '202706', 23040.00),
(1, 'PLANT', '202707', 23040.00),
(1, 'PLANT', '202708', 23040.00),
(1, 'PLANT', '202709', 23040.00),
(1, 'PLANT', '202710', 23040.00),
(1, 'PLANT', '202711', 23040.00),
(1, 'PLANT', '202712', 23040.00),
(1, 'PLANT', '202801', 23040.00),
(1, 'PLANT', '202802', 23040.00),
(1, 'PLANT', '202803', 23040.00),
-- TRANS 2025年度 (50人 × 160h × 80% = 6,400h)
(1, 'TRANS', '202504', 6400.00),
(1, 'TRANS', '202505', 6400.00),
(1, 'TRANS', '202506', 6400.00),
(1, 'TRANS', '202507', 6400.00),
(1, 'TRANS', '202508', 6400.00),
(1, 'TRANS', '202509', 6400.00),
(1, 'TRANS', '202510', 6400.00),
(1, 'TRANS', '202511', 6400.00),
(1, 'TRANS', '202512', 6400.00),
(1, 'TRANS', '202601', 6400.00),
(1, 'TRANS', '202602', 6400.00),
(1, 'TRANS', '202603', 6400.00),
-- TRANS 2026年度 (50人)
(1, 'TRANS', '202604', 6400.00),
(1, 'TRANS', '202605', 6400.00),
(1, 'TRANS', '202606', 6400.00),
(1, 'TRANS', '202607', 6400.00),
(1, 'TRANS', '202608', 6400.00),
(1, 'TRANS', '202609', 6400.00),
(1, 'TRANS', '202610', 6400.00),
(1, 'TRANS', '202611', 6400.00),
(1, 'TRANS', '202612', 6400.00),
(1, 'TRANS', '202701', 6400.00),
(1, 'TRANS', '202702', 6400.00),
(1, 'TRANS', '202703', 6400.00),
-- TRANS 2027年度 (50人)
(1, 'TRANS', '202704', 6400.00),
(1, 'TRANS', '202705', 6400.00),
(1, 'TRANS', '202706', 6400.00),
(1, 'TRANS', '202707', 6400.00),
(1, 'TRANS', '202708', 6400.00),
(1, 'TRANS', '202709', 6400.00),
(1, 'TRANS', '202710', 6400.00),
(1, 'TRANS', '202711', 6400.00),
(1, 'TRANS', '202712', 6400.00),
(1, 'TRANS', '202801', 6400.00),
(1, 'TRANS', '202802', 6400.00),
(1, 'TRANS', '202803', 6400.00),
(1, 'TRANS', '202804', 6400.00),
(1, 'TRANS', '202805', 6400.00),
(1, 'TRANS', '202806', 6400.00),
(1, 'TRANS', '202807', 6400.00),
(1, 'TRANS', '202808', 6400.00),
(1, 'TRANS', '202809', 6400.00),
(1, 'TRANS', '202810', 6400.00),
(1, 'TRANS', '202811', 6400.00),
(1, 'TRANS', '202812', 6400.00),
-- CO2 2025年度 (30人 × 160h × 80% = 3,840h)
(1, 'CO2', '202504', 3840.00),
(1, 'CO2', '202505', 3840.00),
(1, 'CO2', '202506', 3840.00),
(1, 'CO2', '202507', 3840.00),
(1, 'CO2', '202508', 3840.00),
(1, 'CO2', '202509', 3840.00),
(1, 'CO2', '202510', 3840.00),
(1, 'CO2', '202511', 3840.00),
(1, 'CO2', '202512', 3840.00),
(1, 'CO2', '202601', 3840.00),
(1, 'CO2', '202602', 3840.00),
(1, 'CO2', '202603', 3840.00),
-- CO2 2026年度 (35人 × 128h × 80% = 3,584h)
(1, 'CO2', '202604', 3584.00),
(1, 'CO2', '202605', 3584.00),
(1, 'CO2', '202606', 3584.00),
(1, 'CO2', '202607', 3584.00),
(1, 'CO2', '202608', 3584.00),
(1, 'CO2', '202609', 3584.00),
(1, 'CO2', '202610', 3584.00),
(1, 'CO2', '202611', 3584.00),
(1, 'CO2', '202612', 3584.00),
(1, 'CO2', '202701', 3584.00),
(1, 'CO2', '202702', 3584.00),
(1, 'CO2', '202703', 3584.00),
-- CO2 2027年度 (35人 × 128h × 80% = 3,584h)
(1, 'CO2', '202704', 3584.00),
(1, 'CO2', '202705', 3584.00),
(1, 'CO2', '202706', 3584.00),
(1, 'CO2', '202707', 3584.00),
(1, 'CO2', '202708', 3584.00),
(1, 'CO2', '202709', 3584.00),
(1, 'CO2', '202710', 3584.00),
(1, 'CO2', '202711', 3584.00),
(1, 'CO2', '202712', 3584.00),
(1, 'CO2', '202801', 3584.00),
(1, 'CO2', '202802', 3584.00),
(1, 'CO2', '202803', 3584.00);

-- -----------------------------------------------------------------------------
-- monthly_capacity: 月次キャパシティ
-- capacity_scenario_id = 2 (楽観シナリオ)
-- 月162時間 × 人数 × 稼働率80% = capacity
-- -----------------------------------------------------------------------------
INSERT INTO monthly_capacity (capacity_scenario_id, business_unit_code, year_month, capacity) VALUES
-- PLANT 2025年度 (165人 × 162h × 80% = 21,384h)
(2, 'PLANT', '202504', 21384.00),
(2, 'PLANT', '202505', 21384.00),
(2, 'PLANT', '202506', 21384.00),
(2, 'PLANT', '202507', 21384.00),
(2, 'PLANT', '202508', 21384.00),
(2, 'PLANT', '202509', 21384.00),
(2, 'PLANT', '202510', 21384.00),
(2, 'PLANT', '202511', 21384.00),
(2, 'PLANT', '202512', 21384.00),
(2, 'PLANT', '202601', 21384.00),
(2, 'PLANT', '202602', 21384.00),
(2, 'PLANT', '202603', 21384.00),
-- PLANT 2026年度 (175人 × 162h × 80% = 22,680h)
(2, 'PLANT', '202604', 22680.00),
(2, 'PLANT', '202605', 22680.00),
(2, 'PLANT', '202606', 22680.00),
(2, 'PLANT', '202607', 22680.00),
(2, 'PLANT', '202608', 22680.00),
(2, 'PLANT', '202609', 22680.00),
(2, 'PLANT', '202610', 22680.00),
(2, 'PLANT', '202611', 22680.00),
(2, 'PLANT', '202612', 22680.00),
(2, 'PLANT', '202701', 22680.00),
(2, 'PLANT', '202702', 22680.00),
(2, 'PLANT', '202703', 22680.00),
-- PLANT 2027年度 (180人 × 162h × 80% = 23,328h)
(2, 'PLANT', '202704', 23328.00),
(2, 'PLANT', '202705', 23328.00),
(2, 'PLANT', '202706', 23328.00),
(2, 'PLANT', '202707', 23328.00),
(2, 'PLANT', '202708', 23328.00),
(2, 'PLANT', '202709', 23328.00),
(2, 'PLANT', '202710', 23328.00),
(2, 'PLANT', '202711', 23328.00),
(2, 'PLANT', '202712', 23328.00),
(2, 'PLANT', '202801', 23328.00),
(2, 'PLANT', '202802', 23328.00),
(2, 'PLANT', '202803', 23328.00),
-- TRANS 2025年度 (50人 × 162h × 80% = 6,480h)
(2, 'TRANS', '202504', 6480.00),
(2, 'TRANS', '202505', 6480.00),
(2, 'TRANS', '202506', 6480.00),
(2, 'TRANS', '202507', 6480.00),
(2, 'TRANS', '202508', 6480.00),
(2, 'TRANS', '202509', 6480.00),
(2, 'TRANS', '202510', 6480.00),
(2, 'TRANS', '202511', 6480.00),
(2, 'TRANS', '202512', 6480.00),
(2, 'TRANS', '202601', 6480.00),
(2, 'TRANS', '202602', 6480.00),
(2, 'TRANS', '202603', 6480.00),
-- TRANS 2026年度 (50人)
(2, 'TRANS', '202604', 6480.00),
(2, 'TRANS', '202605', 6480.00),
(2, 'TRANS', '202606', 6480.00),
(2, 'TRANS', '202607', 6480.00),
(2, 'TRANS', '202608', 6480.00),
(2, 'TRANS', '202609', 6480.00),
(2, 'TRANS', '202610', 6480.00),
(2, 'TRANS', '202611', 6480.00),
(2, 'TRANS', '202612', 6480.00),
(2, 'TRANS', '202701', 6480.00),
(2, 'TRANS', '202702', 6480.00),
(2, 'TRANS', '202703', 6480.00),
-- TRANS 2027年度 (50人)
(2, 'TRANS', '202704', 6480.00),
(2, 'TRANS', '202705', 6480.00),
(2, 'TRANS', '202706', 6480.00),
(2, 'TRANS', '202707', 6480.00),
(2, 'TRANS', '202708', 6480.00),
(2, 'TRANS', '202709', 6480.00),
(2, 'TRANS', '202710', 6480.00),
(2, 'TRANS', '202711', 6480.00),
(2, 'TRANS', '202712', 6480.00),
(2, 'TRANS', '202801', 6480.00),
(2, 'TRANS', '202802', 6480.00),
(2, 'TRANS', '202803', 6480.00),
-- CO2 2025年度 (30人 × 162h × 80% = 3,888h)
(2, 'CO2', '202504', 3888.00),
(2, 'CO2', '202505', 3888.00),
(2, 'CO2', '202506', 3888.00),
(2, 'CO2', '202507', 3888.00),
(2, 'CO2', '202508', 3888.00),
(2, 'CO2', '202509', 3888.00),
(2, 'CO2', '202510', 3888.00),
(2, 'CO2', '202511', 3888.00),
(2, 'CO2', '202512', 3888.00),
(2, 'CO2', '202601', 3888.00),
(2, 'CO2', '202602', 3888.00),
(2, 'CO2', '202603', 3888.00),
-- CO2 2026年度 (35人 × 162h × 80% = 4,536h)
(2, 'CO2', '202604', 4536.00),
(2, 'CO2', '202605', 4536.00),
(2, 'CO2', '202606', 4536.00),
(2, 'CO2', '202607', 4536.00),
(2, 'CO2', '202608', 4536.00),
(2, 'CO2', '202609', 4536.00),
(2, 'CO2', '202610', 4536.00),
(2, 'CO2', '202611', 4536.00),
(2, 'CO2', '202612', 4536.00),
(2, 'CO2', '202701', 4536.00),
(2, 'CO2', '202702', 4536.00),
(2, 'CO2', '202703', 4536.00),
-- CO2 2027年度 (35人 × 162h × 80% = 4,536h)
(2, 'CO2', '202704', 4536.00),
(2, 'CO2', '202705', 4536.00),
(2, 'CO2', '202706', 4536.00),
(2, 'CO2', '202707', 4536.00),
(2, 'CO2', '202708', 4536.00),
(2, 'CO2', '202709', 4536.00),
(2, 'CO2', '202710', 4536.00),
(2, 'CO2', '202711', 4536.00),
(2, 'CO2', '202712', 4536.00),
(2, 'CO2', '202801', 4536.00),
(2, 'CO2', '202802', 4536.00),
(2, 'CO2', '202803', 4536.00);

-- -----------------------------------------------------------------------------
-- monthly_indirect_work_load: 月次間接作業負荷
-- -----------------------------------------------------------------------------

-- indirect_work_case_id = 1 (PLANT標準配分)
-- 2025年度 (165人 × 20% 間接率 ≒ 4,200h/月)
INSERT INTO monthly_indirect_work_load (indirect_work_case_id, business_unit_code, year_month, manhour, source) VALUES
(1, 'PLANT', '202504', 4200.00, 'calculated'),
(1, 'PLANT', '202505', 4200.00, 'calculated'),
(1, 'PLANT', '202506', 4200.00, 'calculated'),
(1, 'PLANT', '202507', 4200.00, 'calculated'),
(1, 'PLANT', '202508', 4200.00, 'calculated'),
(1, 'PLANT', '202509', 4200.00, 'calculated'),
(1, 'PLANT', '202510', 4200.00, 'calculated'),
(1, 'PLANT', '202511', 4200.00, 'calculated'),
(1, 'PLANT', '202512', 4200.00, 'calculated'),
(1, 'PLANT', '202601', 4200.00, 'calculated'),
(1, 'PLANT', '202602', 4200.00, 'calculated'),
(1, 'PLANT', '202603', 4200.00, 'calculated'),
-- 2026年度 (175人 × 20% 間接率 ≒ 4,480h/月)
(1, 'PLANT', '202604', 4480.00, 'calculated'),
(1, 'PLANT', '202605', 4480.00, 'calculated'),
(1, 'PLANT', '202606', 4480.00, 'calculated'),
(1, 'PLANT', '202607', 4480.00, 'calculated'),
(1, 'PLANT', '202608', 4480.00, 'calculated'),
(1, 'PLANT', '202609', 4480.00, 'calculated'),
(1, 'PLANT', '202610', 4480.00, 'calculated'),
(1, 'PLANT', '202611', 4480.00, 'calculated'),
(1, 'PLANT', '202612', 4480.00, 'calculated'),
(1, 'PLANT', '202701', 4480.00, 'calculated'),
(1, 'PLANT', '202702', 4480.00, 'calculated'),
(1, 'PLANT', '202703', 4480.00, 'calculated'),
-- 2027年度 (180人 × 20% 間接率 ≒ 4,608h/月)
(1, 'PLANT', '202704', 4608.00, 'calculated'),
(1, 'PLANT', '202705', 4608.00, 'calculated'),
(1, 'PLANT', '202706', 4608.00, 'calculated'),
(1, 'PLANT', '202707', 4608.00, 'calculated'),
(1, 'PLANT', '202708', 4608.00, 'calculated'),
(1, 'PLANT', '202709', 4608.00, 'calculated'),
(1, 'PLANT', '202710', 4608.00, 'calculated'),
(1, 'PLANT', '202711', 4608.00, 'calculated'),
(1, 'PLANT', '202712', 4608.00, 'calculated'),
(1, 'PLANT', '202801', 4608.00, 'calculated'),
(1, 'PLANT', '202802', 4608.00, 'calculated'),
(1, 'PLANT', '202803', 4608.00, 'calculated');

-- indirect_work_case_id = 2 (TRANS標準配分)
-- 50人 × 20% 間接率 ≒ 1,280h/月
INSERT INTO monthly_indirect_work_load (indirect_work_case_id, business_unit_code, year_month, manhour, source) VALUES
(2, 'TRANS', '202504', 1280.00, 'calculated'),
(2, 'TRANS', '202505', 1280.00, 'calculated'),
(2, 'TRANS', '202506', 1280.00, 'calculated'),
(2, 'TRANS', '202507', 1280.00, 'calculated'),
(2, 'TRANS', '202508', 1280.00, 'calculated'),
(2, 'TRANS', '202509', 1280.00, 'calculated'),
(2, 'TRANS', '202510', 1280.00, 'calculated'),
(2, 'TRANS', '202511', 1280.00, 'calculated'),
(2, 'TRANS', '202512', 1280.00, 'calculated'),
(2, 'TRANS', '202601', 1280.00, 'calculated'),
(2, 'TRANS', '202602', 1280.00, 'calculated'),
(2, 'TRANS', '202603', 1280.00, 'calculated'),
(2, 'TRANS', '202604', 1280.00, 'calculated'),
(2, 'TRANS', '202605', 1280.00, 'calculated'),
(2, 'TRANS', '202606', 1280.00, 'calculated'),
(2, 'TRANS', '202607', 1280.00, 'calculated'),
(2, 'TRANS', '202608', 1280.00, 'calculated'),
(2, 'TRANS', '202609', 1280.00, 'calculated'),
(2, 'TRANS', '202610', 1280.00, 'calculated'),
(2, 'TRANS', '202611', 1280.00, 'calculated'),
(2, 'TRANS', '202612', 1280.00, 'calculated'),
(2, 'TRANS', '202701', 1280.00, 'calculated'),
(2, 'TRANS', '202702', 1280.00, 'calculated'),
(2, 'TRANS', '202703', 1280.00, 'calculated'),
(2, 'TRANS', '202704', 1280.00, 'calculated'),
(2, 'TRANS', '202705', 1280.00, 'calculated'),
(2, 'TRANS', '202706', 1280.00, 'calculated'),
(2, 'TRANS', '202707', 1280.00, 'calculated'),
(2, 'TRANS', '202708', 1280.00, 'calculated'),
(2, 'TRANS', '202709', 1280.00, 'calculated'),
(2, 'TRANS', '202710', 1280.00, 'calculated'),
(2, 'TRANS', '202711', 1280.00, 'calculated'),
(2, 'TRANS', '202712', 1280.00, 'calculated'),
(2, 'TRANS', '202801', 1280.00, 'calculated'),
(2, 'TRANS', '202802', 1280.00, 'calculated'),
(2, 'TRANS', '202803', 1280.00, 'calculated'),
(2, 'TRANS', '202804', 1280.00, 'calculated'),
(2, 'TRANS', '202805', 1280.00, 'calculated'),
(2, 'TRANS', '202806', 1280.00, 'calculated'),
(2, 'TRANS', '202807', 1280.00, 'calculated'),
(2, 'TRANS', '202808', 1280.00, 'calculated'),
(2, 'TRANS', '202809', 1280.00, 'calculated'),
(2, 'TRANS', '202810', 1280.00, 'calculated'),
(2, 'TRANS', '202811', 1280.00, 'calculated'),
(2, 'TRANS', '202812', 1280.00, 'calculated');

-- indirect_work_case_id = 3 (CO2標準配分)
-- 30人 × 20% 間接率 ≒ 768h/月
INSERT INTO monthly_indirect_work_load (indirect_work_case_id, business_unit_code, year_month, manhour, source) VALUES
(3, 'CO2', '202504', 768.00, 'calculated'),
(3, 'CO2', '202505', 768.00, 'calculated'),
(3, 'CO2', '202506', 768.00, 'calculated'),
(3, 'CO2', '202507', 768.00, 'calculated'),
(3, 'CO2', '202508', 768.00, 'calculated'),
(3, 'CO2', '202509', 768.00, 'calculated'),
(3, 'CO2', '202510', 768.00, 'calculated'),
(3, 'CO2', '202511', 768.00, 'calculated'),
(3, 'CO2', '202512', 768.00, 'calculated'),
(3, 'CO2', '202601', 768.00, 'calculated'),
(3, 'CO2', '202602', 768.00, 'calculated'),
(3, 'CO2', '202603', 768.00, 'calculated');

-- -----------------------------------------------------------------------------
-- indirect_work_type_ratios: 間接作業種別比率
-- -----------------------------------------------------------------------------

-- indirect_work_case_id = 1 (PLANT標準配分)
INSERT INTO indirect_work_type_ratios (indirect_work_case_id, work_type_code, fiscal_year, ratio) VALUES
(1, 'BUMON', 2025, 0.4000),
(1, 'LABO', 2025, 0.2500),
(1, 'ESTIMATE', 2025, 0.2500),
(1, 'OTHER', 2025, 0.1000),
(1, 'BUMON', 2026, 0.4000),
(1, 'LABO', 2026, 0.2500),
(1, 'ESTIMATE', 2026, 0.2500),
(1, 'OTHER', 2026, 0.1000),
(1, 'BUMON', 2027, 0.4000),
(1, 'LABO', 2027, 0.2500),
(1, 'ESTIMATE', 2027, 0.2500),
(1, 'OTHER', 2027, 0.1000);

-- indirect_work_case_id = 2 (TRANS標準配分)
INSERT INTO indirect_work_type_ratios (indirect_work_case_id, work_type_code, fiscal_year, ratio) VALUES
(2, 'BUMON', 2025, 0.3500),
(2, 'LABO', 2025, 0.2000),
(2, 'ESTIMATE', 2025, 0.3000),
(2, 'OTHER', 2025, 0.1500),
(2, 'BUMON', 2026, 0.3500),
(2, 'LABO', 2026, 0.2000),
(2, 'ESTIMATE', 2026, 0.3000),
(2, 'OTHER', 2026, 0.1500),
(2, 'BUMON', 2027, 0.3500),
(2, 'LABO', 2027, 0.2000),
(2, 'ESTIMATE', 2027, 0.3000),
(2, 'OTHER', 2027, 0.1500);

-- indirect_work_case_id = 3 (CO2標準配分)
INSERT INTO indirect_work_type_ratios (indirect_work_case_id, work_type_code, fiscal_year, ratio) VALUES
(3, 'BUMON', 2025, 0.3000),
(3, 'LABO', 2025, 0.3500),
(3, 'ESTIMATE', 2025, 0.2000),
(3, 'OTHER', 2025, 0.1500),
(3, 'BUMON', 2026, 0.3000),
(3, 'LABO', 2026, 0.3500),
(3, 'ESTIMATE', 2026, 0.2000),
(3, 'OTHER', 2026, 0.1500);

-- =============================================================================
-- 5. 標準工数マスタ
-- =============================================================================

-- -----------------------------------------------------------------------------
-- standard_effort_masters: 標準工数パターン
-- -----------------------------------------------------------------------------
INSERT INTO standard_effort_masters (business_unit_code, project_type_code, name) VALUES
('PLANT', 'EPC', N'EPC標準（24ヶ月）'),
('PLANT', 'EPC', N'EPC標準（36ヶ月）'),
('PLANT', 'SERVICE', N'サービス標準'),
('PLANT', 'FEED', N'FEED標準'),
('TRANS', 'VICHLE', N'車両標準'),
('CO2', 'EPC', N'CO2回収EPC標準');

-- -----------------------------------------------------------------------------
-- standard_effort_weights: 標準工数重み配分
-- standard_effort_id = 1 (PLANT EPC標準24ヶ月)
-- 進捗率0-100%を5%刻みで設定
-- -----------------------------------------------------------------------------
INSERT INTO standard_effort_weights (standard_effort_id, progress_rate, weight) VALUES
(1, 0, 2),
(1, 5, 3),
(1, 10, 4),
(1, 15, 5),
(1, 20, 6),
(1, 25, 7),
(1, 30, 8),
(1, 35, 8),
(1, 40, 8),
(1, 45, 8),
(1, 50, 8),
(1, 55, 7),
(1, 60, 7),
(1, 65, 6),
(1, 70, 5),
(1, 75, 4),
(1, 80, 4),
(1, 85, 3),
(1, 90, 3),
(1, 95, 2),
(1, 100, 2);

-- =============================================================================
-- 6. チャートビュー設定
-- =============================================================================

-- -----------------------------------------------------------------------------
-- chart_views: チャートビュー
-- -----------------------------------------------------------------------------
INSERT INTO chart_views (view_name, chart_type, start_year_month, end_year_month, is_default, description, business_unit_codes) VALUES
(N'PLANT全体負荷', 'STACKED_BAR', '202504', '202803', 1, N'PLANTビジネスユニットの全案件負荷を表示', '["PLANT"]'),
(N'TRANS全体負荷', 'STACKED_BAR', '202504', '202703', 0, N'TRANSビジネスユニットの全案件負荷を表示', '["TRANS"]'),
(N'CO2全体負荷', 'STACKED_BAR', '202504', '202703', 0, N'CO2ビジネスユニットの全案件負荷を表示', '["CO2"]'),
(N'2025年度サマリー', 'STACKED_BAR', '202504', '202603', 0, N'2025年度の全BU負荷サマリー', NULL);

-- -----------------------------------------------------------------------------
-- chart_view_project_items: チャートビュー案件項目
-- chart_view_id = 1 (PLANT全体負荷)
-- -----------------------------------------------------------------------------
INSERT INTO chart_view_project_items (chart_view_id, project_id, project_case_id, display_order, is_visible, color_code) VALUES
(1, 1, 1, 1, 1, '#B9DEFA'),  -- P-2025-001 ベースケース
(1, 2, 3, 2, 1, '#B7FFB7'),  -- P-2025-002 ベースケース
(1, 3, 4, 3, 1, '#FFFF99'),  -- P-2025-003 ベースケース
(1, 4, 5, 4, 1, '#FFB3B3'),  -- P-2026-001 ベースケース
(1, 5, 7, 5, 1, '#D4B8FF');  -- P-2026-002 ベースケース

-- chart_view_id = 2 (TRANS全体負荷)
INSERT INTO chart_view_project_items (chart_view_id, project_id, project_case_id, display_order, is_visible, color_code) VALUES
(2, 6, 8, 1, 1, '#B9DEFA'),  -- T-2025-001 ベースケース
(2, 7, 9, 2, 1, '#B7FFB7'),  -- T-2025-002 ベースケース
(2, 8, 10, 3, 1, '#FFFF99');  -- T-2026-001 ベースケース

-- chart_view_id = 3 (CO2全体負荷)
INSERT INTO chart_view_project_items (chart_view_id, project_id, project_case_id, display_order, is_visible, color_code) VALUES
(3, 9, 11, 1, 1, '#B9DEFA'),  -- C-2025-001 ベースケース
(3, 10, 12, 2, 1, '#B7FFB7'); -- C-2025-002 ベースケース

-- -----------------------------------------------------------------------------
-- chart_view_capacity_items: チャートビューキャパシティ項目
-- -----------------------------------------------------------------------------
INSERT INTO chart_view_capacity_items (chart_view_id, capacity_scenario_id, is_visible, color_code) VALUES
(1, 1, 1, '#E88888'),  -- PLANT全体負荷 - 標準シナリオ
(1, 2, 0, '#F49E02'),  -- PLANT全体負荷 - 楽観シナリオ（初期非表示）
(2, 1, 1, '#E88888'),  -- TRANS全体負荷 - 標準シナリオ
(2, 2, 0, '#F49E02'),  -- TRANS全体負荷 - 楽観シナリオ（初期非表示）
(3, 1, 1, '#E88888'),  -- CO2全体負荷 - 標準シナリオ
(3, 2, 0, '#F49E02');  -- CO2全体負荷 - 楽観シナリオ（初期非表示）

-- -----------------------------------------------------------------------------
-- chart_stack_order_settings: 山積順設定
-- -----------------------------------------------------------------------------
INSERT INTO chart_stack_order_settings (target_type, target_code, stack_order) VALUES
('PROJECT', '1', 1),
('PROJECT', '2', 2),
('PROJECT', '3', 3),
('PROJECT', '4', 4),
('PROJECT', '5', 5),
('INDIRECT', '1', 100);

-- -----------------------------------------------------------------------------
-- chart_color_settings: カラー設定
-- -----------------------------------------------------------------------------
INSERT INTO chart_color_settings (target_type, target_code, color_code) VALUES
('PROJECT', '1', '#B9DEFA'),  -- Pastel Blue
('PROJECT', '2', '#B7FFB7'),  -- Pastel Green
('PROJECT', '3', '#FFFF99'),  -- Pastel Yellow
('PROJECT', '4', '#FFB3B3'),  -- Pastel Red
('PROJECT', '5', '#D4B8FF'),  -- Pastel Purple
('PROJECT', '6', '#FFB8D4'),  -- Pastel Pink
('PROJECT', '7', '#B8BBFF'),  -- Pastel Indigo
('PROJECT', '8', '#A8E8E0'),  -- Pastel Teal
('PROJECT', '9', '#FFD4A8'),  -- Pastel Orange
('PROJECT', '10', '#93E5E5'), -- Pastel Cyan
('INDIRECT', '1', '#d1d5db'), -- Gray-300
('INDIRECT', '2', '#9ca3af'), -- Gray-400
('INDIRECT', '3', '#6b7280'); -- Gray-500

-- -----------------------------------------------------------------------------
-- project_load: P-2026-001 ベースケース (project_case_id = 5)
-- 36ヶ月間の負荷配分（202601〜202812）
-- -----------------------------------------------------------------------------
INSERT INTO project_load (project_case_id, year_month, manhour) VALUES
(5, '202601', 1600.00),
(5, '202602', 1800.00),
(5, '202603', 2000.00),
(5, '202604', 2400.00),
(5, '202605', 2800.00),
(5, '202606', 3200.00),
(5, '202607', 3600.00),
(5, '202608', 3800.00),
(5, '202609', 4000.00),
(5, '202610', 4000.00),
(5, '202611', 4000.00),
(5, '202612', 4000.00),
(5, '202701', 3800.00),
(5, '202702', 3600.00),
(5, '202703', 3400.00),
(5, '202704', 3200.00),
(5, '202705', 3000.00),
(5, '202706', 2800.00),
(5, '202707', 2800.00),
(5, '202708', 2800.00),
(5, '202709', 2600.00),
(5, '202710', 2400.00),
(5, '202711', 2200.00),
(5, '202712', 2000.00),
(5, '202801', 1800.00),
(5, '202802', 1600.00),
(5, '202803', 1400.00),
(5, '202804', 1200.00),
(5, '202805', 1000.00),
(5, '202806', 800.00),
(5, '202807', 600.00),
(5, '202808', 500.00),
(5, '202809', 400.00),
(5, '202810', 300.00),
(5, '202811', 200.00),
(5, '202812', 200.00);

-- P-2026-001 縮小ケース (project_case_id = 6)
-- スコープ縮小版: 72,000h / 30ヶ月 (202601〜202806)
INSERT INTO project_load (project_case_id, year_month, manhour) VALUES
(6, '202601', 1200.00),
(6, '202602', 1400.00),
(6, '202603', 1600.00),
(6, '202604', 2000.00),
(6, '202605', 2400.00),
(6, '202606', 2800.00),
(6, '202607', 3000.00),
(6, '202608', 3200.00),
(6, '202609', 3200.00),
(6, '202610', 3200.00),
(6, '202611', 3200.00),
(6, '202612', 3200.00),
(6, '202701', 3000.00),
(6, '202702', 2800.00),
(6, '202703', 2600.00),
(6, '202704', 2400.00),
(6, '202705', 2200.00),
(6, '202706', 2200.00),
(6, '202707', 2200.00),
(6, '202708', 2200.00),
(6, '202709', 2000.00),
(6, '202710', 1800.00),
(6, '202711', 1600.00),
(6, '202712', 1400.00),
(6, '202801', 1200.00),
(6, '202802', 1000.00),
(6, '202803', 800.00),
(6, '202804', 600.00),
(6, '202805', 400.00),
(6, '202806', 200.00);

-- P-2026-002 ベースケース (project_case_id = 7, 12ヶ月 202604〜202703)
INSERT INTO project_load (project_case_id, year_month, manhour) VALUES
(7, '202604', 500.00),
(7, '202605', 600.00),
(7, '202606', 700.00),
(7, '202607', 800.00),
(7, '202608', 800.00),
(7, '202609', 800.00),
(7, '202610', 800.00),
(7, '202611', 700.00),
(7, '202612', 600.00),
(7, '202701', 500.00),
(7, '202702', 400.00),
(7, '202703', 300.00);

-- T-2025-002 ベースケース (project_case_id = 9, 12ヶ月 202506〜202605)
INSERT INTO project_load (project_case_id, year_month, manhour) VALUES
(9, '202506', 400.00),
(9, '202507', 500.00),
(9, '202508', 600.00),
(9, '202509', 600.00),
(9, '202510', 600.00),
(9, '202511', 600.00),
(9, '202512', 500.00),
(9, '202601', 500.00),
(9, '202602', 400.00),
(9, '202603', 400.00),
(9, '202604', 300.00),
(9, '202605', 200.00);

-- T-2026-001 ベースケース (project_case_id = 10, 30ヶ月 202607〜202812)
INSERT INTO project_load (project_case_id, year_month, manhour) VALUES
(10, '202607', 1200.00),
(10, '202608', 1600.00),
(10, '202609', 2000.00),
(10, '202610', 2400.00),
(10, '202611', 2800.00),
(10, '202612', 3200.00),
(10, '202701', 3400.00),
(10, '202702', 3600.00),
(10, '202703', 3600.00),
(10, '202704', 3400.00),
(10, '202705', 3200.00),
(10, '202706', 3000.00),
(10, '202707', 2800.00),
(10, '202708', 2600.00),
(10, '202709', 2400.00),
(10, '202710', 2200.00),
(10, '202711', 2000.00),
(10, '202712', 1800.00),
(10, '202801', 1600.00),
(10, '202802', 1400.00),
(10, '202803', 1200.00),
(10, '202804', 1000.00),
(10, '202805', 800.00),
(10, '202806', 700.00),
(10, '202807', 600.00),
(10, '202808', 500.00),
(10, '202809', 400.00),
(10, '202810', 300.00),
(10, '202811', 200.00),
(10, '202812', 200.00);

-- C-2025-002 ベースケース (project_case_id = 12, 4ヶ月 202508〜202511)
INSERT INTO project_load (project_case_id, year_month, manhour) VALUES
(12, '202508', 500.00),
(12, '202509', 700.00),
(12, '202510', 700.00),
(12, '202511', 500.00);


-- =============================================================================
-- 7. 追加キャパシティシナリオ（チャート用10ライン）
-- =============================================================================

-- -----------------------------------------------------------------------------
-- capacity_scenarios: 追加シナリオ (id 3: 悲観シナリオ)
-- -----------------------------------------------------------------------------
INSERT INTO capacity_scenarios (scenario_name, is_primary, description, hours_per_person) VALUES
(N'悲観シナリオ', 0, N'低稼働率を想定した保守的シナリオ', 110.00);

-- capacity_scenario_id = 3 (悲観シナリオ: 110h/人)
-- PLANT: 165人 / 175人 / 180人 (FY25/26/27)
-- TRANS: 50人 / 50人 / 50人 (FY25/26/27)
-- CO2: 30人 / 35人 / 35人 (FY25/26/27)
INSERT INTO monthly_capacity (capacity_scenario_id, business_unit_code, year_month, capacity) VALUES
(3, 'PLANT', '202504', 14520.00), (3, 'PLANT', '202505', 14520.00), (3, 'PLANT', '202506', 14520.00),
(3, 'PLANT', '202507', 14520.00), (3, 'PLANT', '202508', 14520.00), (3, 'PLANT', '202509', 14520.00),
(3, 'PLANT', '202510', 14520.00), (3, 'PLANT', '202511', 14520.00), (3, 'PLANT', '202512', 14520.00),
(3, 'PLANT', '202601', 14520.00), (3, 'PLANT', '202602', 14520.00), (3, 'PLANT', '202603', 14520.00),
(3, 'PLANT', '202604', 15400.00), (3, 'PLANT', '202605', 15400.00), (3, 'PLANT', '202606', 15400.00),
(3, 'PLANT', '202607', 15400.00), (3, 'PLANT', '202608', 15400.00), (3, 'PLANT', '202609', 15400.00),
(3, 'PLANT', '202610', 15400.00), (3, 'PLANT', '202611', 15400.00), (3, 'PLANT', '202612', 15400.00),
(3, 'PLANT', '202701', 15400.00), (3, 'PLANT', '202702', 15400.00), (3, 'PLANT', '202703', 15400.00),
(3, 'PLANT', '202704', 15840.00), (3, 'PLANT', '202705', 15840.00), (3, 'PLANT', '202706', 15840.00),
(3, 'PLANT', '202707', 15840.00), (3, 'PLANT', '202708', 15840.00), (3, 'PLANT', '202709', 15840.00),
(3, 'PLANT', '202710', 15840.00), (3, 'PLANT', '202711', 15840.00), (3, 'PLANT', '202712', 15840.00),
(3, 'PLANT', '202801', 15840.00), (3, 'PLANT', '202802', 15840.00), (3, 'PLANT', '202803', 15840.00),
(3, 'TRANS', '202504', 4400.00), (3, 'TRANS', '202505', 4400.00), (3, 'TRANS', '202506', 4400.00),
(3, 'TRANS', '202507', 4400.00), (3, 'TRANS', '202508', 4400.00), (3, 'TRANS', '202509', 4400.00),
(3, 'TRANS', '202510', 4400.00), (3, 'TRANS', '202511', 4400.00), (3, 'TRANS', '202512', 4400.00),
(3, 'TRANS', '202601', 4400.00), (3, 'TRANS', '202602', 4400.00), (3, 'TRANS', '202603', 4400.00),
(3, 'TRANS', '202604', 4400.00), (3, 'TRANS', '202605', 4400.00), (3, 'TRANS', '202606', 4400.00),
(3, 'TRANS', '202607', 4400.00), (3, 'TRANS', '202608', 4400.00), (3, 'TRANS', '202609', 4400.00),
(3, 'TRANS', '202610', 4400.00), (3, 'TRANS', '202611', 4400.00), (3, 'TRANS', '202612', 4400.00),
(3, 'TRANS', '202701', 4400.00), (3, 'TRANS', '202702', 4400.00), (3, 'TRANS', '202703', 4400.00),
(3, 'TRANS', '202704', 4400.00), (3, 'TRANS', '202705', 4400.00), (3, 'TRANS', '202706', 4400.00),
(3, 'TRANS', '202707', 4400.00), (3, 'TRANS', '202708', 4400.00), (3, 'TRANS', '202709', 4400.00),
(3, 'TRANS', '202710', 4400.00), (3, 'TRANS', '202711', 4400.00), (3, 'TRANS', '202712', 4400.00),
(3, 'TRANS', '202801', 4400.00), (3, 'TRANS', '202802', 4400.00), (3, 'TRANS', '202803', 4400.00),
(3, 'CO2', '202504', 2640.00), (3, 'CO2', '202505', 2640.00), (3, 'CO2', '202506', 2640.00),
(3, 'CO2', '202507', 2640.00), (3, 'CO2', '202508', 2640.00), (3, 'CO2', '202509', 2640.00),
(3, 'CO2', '202510', 2640.00), (3, 'CO2', '202511', 2640.00), (3, 'CO2', '202512', 2640.00),
(3, 'CO2', '202601', 2640.00), (3, 'CO2', '202602', 2640.00), (3, 'CO2', '202603', 2640.00),
(3, 'CO2', '202604', 3080.00), (3, 'CO2', '202605', 3080.00), (3, 'CO2', '202606', 3080.00),
(3, 'CO2', '202607', 3080.00), (3, 'CO2', '202608', 3080.00), (3, 'CO2', '202609', 3080.00),
(3, 'CO2', '202610', 3080.00), (3, 'CO2', '202611', 3080.00), (3, 'CO2', '202612', 3080.00),
(3, 'CO2', '202701', 3080.00), (3, 'CO2', '202702', 3080.00), (3, 'CO2', '202703', 3080.00),
(3, 'CO2', '202704', 3080.00), (3, 'CO2', '202705', 3080.00), (3, 'CO2', '202706', 3080.00),
(3, 'CO2', '202707', 3080.00), (3, 'CO2', '202708', 3080.00), (3, 'CO2', '202709', 3080.00),
(3, 'CO2', '202710', 3080.00), (3, 'CO2', '202711', 3080.00), (3, 'CO2', '202712', 3080.00),
(3, 'CO2', '202801', 3080.00), (3, 'CO2', '202802', 3080.00), (3, 'CO2', '202803', 3080.00);

-- -----------------------------------------------------------------------------
-- chart_view_capacity_items: 悲観シナリオのチャートビュー設定
-- 新規シナリオは初期非表示 (is_visible = 0)
-- -----------------------------------------------------------------------------
INSERT INTO chart_view_capacity_items (chart_view_id, capacity_scenario_id, is_visible, color_code) VALUES
(1, 3, 0, '#88C9A0'),
(2, 3, 0, '#88C9A0'),
(3, 3, 0, '#88C9A0');

-- =============================================================================
-- 完了メッセージ
-- =============================================================================
PRINT 'Seed data inserted successfully.';
GO
